mkt_name,mkt_sh,country_name,oegc_name,oegc_ctry_name,oegc_loc_code,oe_gct_name,oe_gct_location_code,note,mkt_geocode_friendly
A Coruna,NA,Spain,A Coruna - Metro,Spain,ES026C,NA,NA,NA,A Coruna
Aachen,NA,Germany,Aachen - Metro,Germany,DE507C,NA,NA,NA,Aachen
Aarhus,NA,Denmark,Aarhus - Metro,Denmark,DK002C,NA,NA,NA,Aarhus
Aba,NA,Nigeria,Aba,Nigeria,NGA010,NA,NA,NA,Aba
Abeokuta,NA,Nigeria,Abeokuta,Nigeria,NGA015,NA,NA,NA,Abeokuta
Aberdeen,NA,United Kingdom,Aberdeen - Metro,United Kingdom,UK016C,Aberdeen (UK),GBR_ABD,NA,Aberdeen
Abidjan,NA,Cote d'Ivoire,Abidjan,Côte d'Ivoire,CIV001,NA,NA,NA,Abidjan
Abu Dhabi,abdhb,United Arab Emirates,Abu Dhabi,UAE,ARE1C,Abu Dhabi (AE),ARE_AUH,NA,Abu Dhabi
Abuja,NA,Nigeria,Abuja,Nigeria,NGA004,Abuja (NG),NGA_ABV,NA,Abuja
Acapulco,NA,Mexico,Acapulco,Mexico,MEXGC,Acapulco (MX),MEX_ACA,NA,Acapulco
Accra,NA,Ghana,Accra,Ghana,GHA001,NA,NA,NA,Accra
Adana,NA,Turkey,Adana - Metro,Turkey,TR_05,NA,NA,NA,Adana
Adapazarı,NA,Turkey,Adapazarı - Metro,Turkey,TR_14,NA,NA,NA,Adapazarı
Addis Ababa,NA,Ethiopia,Addis Ababa,Ethiopia,ETH001,NA,NA,NA,Addis Ababa
Adelaide,NA,Australia,Adelaide,Australia,AUS_05,Adelaide (AU),AUS_ADL,NA,Adelaide
Agadir,NA,Morocco,Agadir,Morocco,MAR006,NA,NA,NA,Agadir
Agra,NA,India,Agra,India,IND062,Agra (IN),IND_AGR,NA,Agra
Aguascalientes,NA,Mexico,Aguascalientes,Mexico,MEX8C,NA,NA,NA,Aguascalientes
Ahmedabad,NA,India,Ahmedabad,India,IND012,Ahmadabad (IN),IND_ADC,NA,Ahmedabad
Ahvaz,NA,Iran,Ahvaz,Iran,IRN001,NA,NA,NA,Ahvaz
Aichi,NA,Japan,Aichi,NA,NA,Aichi (JP),JPN_NGO,NA,Aichi
"Akron, OH",NA,United States,"Akron, OH",United States,USM101,NA,NA,NA,"Akron, OH"
"Albany-Schenectady-Troy, NY",NA,United States,"Albany-Schenectady-Troy, NY",United States,USM64,NA,NA,NA,"Albany-Schenectady-Troy, NY"
"Albuquerque, NM",NA,United States,"Albuquerque, NM",United States,USM65,NA,NA,NA,"Albuquerque, NM"
Alexandria,NA,Egypt,Alexandria,Egypt,EGY002,NA,NA,NA,Alexandria
Algiers,NA,Algeria,Algiers,Algeria,DZA001,NA,NA,NA,Algiers
Alicante,NA,Spain,Alicante - Metro,Spain,ES021C,NA,NA,NA,Alicante
Aligarh,NA,India,Aligarh,India,IND063,NA,NA,NA,Aligarh
Allahabad,NA,India,Allahabad,India,IND064,NA,NA,NA,Allahabad
"Allentown-Bethlehem-Easton, PA-NJ",NA,United States,"Allentown-Bethlehem-Easton, PA-NJ",United States,USM57,NA,NA,NA,"Allentown-Bethlehem-Easton, PA-NJ"
Al-Mansura,NA,Egypt,El-Mansoura,Egypt,EGY006,NA,NA,NA,Al-Mansura
Almaty,NA,Kazakhstan,Almaty,Kazakhstan,KAZ001,Almaty (KZ),KAZ_ALA,NA,Almaty
Amman,NA,Jordan,Amman,Jordan,JOR001,Amman (JO),JOR_AMM,NA,Amman
Amravati,NA,India,Amravati,India,IND037,NA,NA,NA,Amravati
Amritsar,NA,India,Amritsar,India,IND049,NA,NA,NA,Amritsar
Amsterdam,amstr,Netherlands,Amsterdam - Metro,Netherlands,NL002C,Amsterdam (NL),NLD_AMS,NA,Amsterdam
Anaheim,orgca,NA,NA,NA,NA,NA,NA,NA,Anaheim
Ankara,NA,Turkey,Ankara - Metro,Turkey,TR_02,Ankara (TR),TUR_ANK,NA,Ankara
"Anqing, Anhui",NA,China,"Anqing, Anhui",China,CHNC8,NA,NA,NA,"Anqing, Anhui"
"Anshan, Liaoning",NA,China,"Anshan, Liaoning",China,CHN63,NA,NA,NA,"Anshan, Liaoning"
Antalya,NA,Turkey,Antalya - Metro,Turkey,TR_08,Antalya (TR),TUR_AYT,NA,Antalya
Antananarivo,NA,Madagascar,Antananarivo,Madagascar,MDG001,NA,NA,NA,Antananarivo
Antipolo,NA,Philippines,Antipolo,Philippines,PHL6_7C,NA,NA,NA,Antipolo
Antwerp,NA,Belgium,Antwerp - Metro,Belgium,BE002C,Antwerp (BE),BEL_ANR,NA,Antwerp
"Anyang, Henan",NA,China,"Anyang, Henan",China,CHNG5,NA,NA,NA,"Anyang, Henan"
Aracaju RM,NA,Brazil,Aracaju RM,Brazil,BRAQ1,NA,NA,NA,Aracaju RM
Arequipa,NA,Peru,Arequipa,Peru,PER4C,NA,NA,NA,Arequipa
Arusha,NA,Tanzania,Arusha,Tanzania,TZA002,NA,NA,NA,Arusha
Asansol,NA,India,Asansol,India,IND073,NA,NA,NA,Asansol
Ashgabat,NA,Turkmenistan,Ashgabat,Turkmenistan,TKM001,NA,NA,NA,Ashgabat
Asmara,NA,Eritrea,Asmara,Eritrea,ERI001,NA,NA,NA,Asmara
Astana,NA,Kazakhstan,Nur-Sultan,Kazakhstan,KAZ002,NA,NA,NA,Astana
Astrakhan,NA,Russian Federation,Astrakhan,Russia,RU_31,NA,NA,NA,Astrakhan
Asunción,NA,Paraguay,Asunción,Paraguay,PRY001,NA,NA,NA,Asunción
Athens,athns,Greece,Athens - Metro,Greece,EL001C,Athens (GR),GRC_ATH,NA,Athens
Atlanta,atlga,United States,"Atlanta-Sandy Springs-Roswell, GA",United States,USM01,"Atlanta, GA (US)",USA_AZI,NA,Atlanta
Auckland,NA,New Zealand,Auckland,New Zealand,NZL2,Auckland (NZ),NZL_AKL,NA,Auckland
Augsburg,NA,Germany,Augsburg - Metro,Germany,DE033C,NA,NA,NA,Augsburg
Aurangabad,NA,India,Aurangabad,India,IND038,NA,NA,NA,Aurangabad
Austin,NA,United States,"Austin-Round Rock, TX",United States,USM31,"Austin, TX (US)",USA_AUS,NA,Austin
Bacolod,NA,Philippines,Bacolod,Philippines,PHL9C,NA,NA,NA,Bacolod
Baghdad,NA,Iraq,Baghdad,Iraq,IRQ003,Baghdad (IQ),IRQ_BGW,NA,Baghdad
Baixada Santista RM,NA,Brazil,Baixada Santista RM,Brazil,BRAP1,NA,NA,NA,Baixada Santista RM
"Bakersfield, CA",NA,United States,"Bakersfield, CA",United States,USM67,NA,NA,NA,"Bakersfield, CA"
Baku,NA,Azerbaijan,Baku,Azerbaijan,AZE001,NA,NA,NA,Baku
Baltimore,NA,United States,"Baltimore-Columbia-Towson, MD",United States,USM02,"Baltimore, MD (US)",USA_BAL,NA,Baltimore
Bamako,NA,Mali,Bamako,Mali,MLI001,NA,NA,NA,Bamako
Bandar Lampung,NA,Indonesia,Bandar Lampung,Indonesia,IDNAC,NA,NA,NA,Bandar Lampung
Bandjarmasin,NA,Indonesia,Bandjarmasin,Indonesia,IDNKC,NA,NA,NA,Bandjarmasin
Bandung,NA,Indonesia,Bandung,Indonesia,IDNCC,NA,NA,NA,Bandung
Bangkok,NA,Thailand,Bangkok,Thailand,THA7,Bangkok (TH),THA_BKK,NA,Bangkok
Bangui,NA,Central African Republic,Bangui,Central African Republic,CAF001,NA,NA,NA,Bangui
Banjul,NA,Gambia,Banjul,Gambia,GMB001,NA,NA,NA,Banjul
"Baoding, Hebei",NA,China,"Baoding, Hebei",China,CHN36,NA,NA,NA,"Baoding, Hebei"
"Baoji, Shaanxi",NA,China,"Baoji, Shaanxi",China,CHNQ3,NA,NA,NA,"Baoji, Shaanxi"
"Baotou, Inner Mongolia",NA,China,"Baotou, Inner Mongolia",China,CHN52,NA,NA,NA,"Baotou, Inner Mongolia"
Barcelona,brcln,Spain,Barcelona - Metro,Spain,ES002C,Barcelona (ES),ESP_BCN,NA,Barcelona
Bareilly,NA,India,Bareilly,India,IND065,NA,NA,NA,Bareilly
Bari,NA,Italy,Bari - Metro,Italy,IT008C,NA,NA,NA,Bari
Barnaul,NA,Russian Federation,Barnaul,Russia,RU_20,NA,NA,NA,Barnaul
Barquisimeto,NA,Venezuela,Barquisimeto,Venezuela,VEN7C,NA,NA,NA,Barquisimeto
Barranquilla,NA,Colombia,Barranquilla,Colombia,COL2C,NA,NA,NA,Barranquilla
Basel,NA,Switzerland,Basel - Metro,Switzerland,CH003C,Basel (CH),CHE_BSL,NA,Basel
Batman,NA,Turkey,Batman - Metro,Turkey,TR_16,NA,NA,NA,Batman
"Baton Rouge, LA",NA,United States,"Baton Rouge, LA",United States,USM84,NA,NA,NA,"Baton Rouge, LA"
Beijing,bejng,China,Beijing,China,CHN1,Beijing (CN),CHN_BJS,NA,Beijing
Beira,NA,Mozambique,Beira,Mozambique,MOZ002,NA,NA,NA,Beira
Beirut,NA,Lebanon,Beirut,Lebanon,LBN001,Beirut (LB),LBN_BEY,NA,Beirut
Belém RM,NA,Brazil,Belém RM,Brazil,BRAE3,NA,NA,NA,Belém RM
Belfast,NA,United Kingdom,Belfast - Metro,United Kingdom,UK012C,Belfast (UK),GBR_BEL,NA,Belfast
Belgaum,NA,India,Belgaum,India,IND025,NA,NA,NA,Belgaum
Belgrade,NA,Serbia,Belgrade,Serbia,RS_01,Belgrade (RS),SRB_BEG,NA,Belgrade
Belo Horizonte RM,NA,Brazil,Belo Horizonte RM,Brazil,BRAD7,Belo Horizonte (BR),BRA_BHZ,NA,Belo Horizonte RM
Bengaluru,NA,India,Bengaluru,India,IND024,Bangalore (IN),IND_BLR,"Bangalore, officially known as Bengaluru",Bengaluru
Benin City,NA,Nigeria,Benin City,Nigeria,NGA007,NA,NA,NA,Benin City
Bergamo,NA,Italy,Bergamo - Metro,Italy,IT511C,Bergamo (IT),ITA_BGO,NA,Bergamo
Bergen,NA,Norway,Bergen - Metro,Norway,NO002C,Bergen (NO),NOR_BGO,NA,Bergen
Berlin,berln,Germany,Berlin - Metro,Germany,DE001C,Berlin (DE),DEU_BER,NA,Berlin
Bern,NA,Switzerland,Bern - Metro,Switzerland,CH004C,NA,NA,NA,Bern
Bhavnagar,NA,India,Bhavnagar,India,IND013,NA,NA,NA,Bhavnagar
Bhilai Nagar,NA,India,Bhilai Nagar,India,IND009,NA,NA,NA,Bhilai Nagar
Bhopal,NA,India,Bhopal,India,IND033,NA,NA,NA,Bhopal
Bhubaneswar,NA,India,Bhubaneswar,India,IND046,NA,NA,NA,Bhubaneswar
Bialystok,NA,Poland,Bialystok - Metro,Poland,PL011C,NA,NA,NA,Bialystok
Bikaner,NA,India,Bikaner,India,IND052,NA,NA,NA,Bikaner
Bilbao,NA,Spain,Bilbao - Metro,Spain,ES019C,NA,NA,NA,Bilbao
"Binzhou, Shandong",NA,China,"Binzhou, Shandong",China,CHNFG,NA,NA,NA,"Binzhou, Shandong"
Birmingham,brmng,United Kingdom,Birmingham - Metro,United Kingdom,UK002C,Birmingham (UK),GBR_BHM,NA,Birmingham
"Birmingham-Hoover, AL",NA,United States,"Birmingham-Hoover, AL",United States,USM51,NA,NA,NA,"Birmingham-Hoover, AL"
Bishkek,NA,Kyrgyzstan,Bishkek,Kyrgyzstan,KYR001,NA,NA,NA,Bishkek
Bissau,NA,Guinea-Bissau,Bissau,Guinea-Bissau,GNB001,NA,NA,NA,Bissau
Blantyre City,NA,Malawi,Blantyre City,Malawi,MWI002,NA,NA,NA,Blantyre City
Bloemfontein,NA,South Africa,Bloemfontein,South Africa,ZAF003,NA,NA,NA,Bloemfontein
Bogotá,NA,Colombia,Bogotá,Colombia,COL3,Bogotá (CO),COL_BOG,NA,Bogotá
"Boise City, ID",NA,United States,"Boise City, ID",United States,USM104,NA,NA,NA,"Boise City, ID"
Bokaro,NA,India,Bokaro,India,IND020,NA,NA,NA,Bokaro
Bologna,NA,Italy,Bologna - Metro,Italy,IT009C,NA,NA,NA,Bologna
Bonn,NA,Germany,Bonn - Metro,Germany,DE034C,NA,NA,NA,Bonn
Bordeaux,NA,France,Bordeaux - Metro,France,FR007C,Bordeaux (FR),FRA_BOD,NA,Bordeaux
Boston,bstma,United States,"Boston-Cambridge-Newton, MA-NH",United States,USM03,"Boston, MA (US)",USA_BOS,NA,Boston
Bournemouth,NA,United Kingdom,Bournemouth - Metro,United Kingdom,UK539C,NA,NA,NA,Bournemouth
"Bozhou, Anhui",NA,China,"Bozhou, Anhui",China,CHNCF,NA,NA,NA,"Bozhou, Anhui"
Brasília,NA,Brazil,Brasília,Brazil,BRA7,Brasília (BR),BRA_BSB,NA,Brasília
Bratislava,NA,Slovakia,Bratislava - Metro,Slovakia,SK001C,NA,NA,NA,Bratislava
Braunschweig-Salzgitter Wolfsburg,NA,Germany,Braunschweig-Salzgitter Wolfsburg - Metro,Germany,DE083C,NA,NA,NA,Braunschweig-Salzgitter Wolfsburg
Brazzaville,NA,"Congo, Rep.",Brazzaville,Congo,COG001,NA,NA,NA,Brazzaville
Bremen,NA,Germany,Bremen - Metro,Germany,DE012C,Bremen (DE),DEU_BRE,NA,Bremen
"Bridgeport-Stamford-Norwalk, CT",NA,United States,"Bridgeport-Stamford-Norwalk, CT",United States,USM52,NA,NA,NA,"Bridgeport-Stamford-Norwalk, CT"
Bridgetown,NA,Barbados,Bridgetown,Barbados,BRB001,NA,NA,NA,Bridgetown
Brighton and Hove,NA,United Kingdom,Brighton and Hove - Metro,United Kingdom,UK515C,Brighton (UK),GBR_BSH,NA,Brighton and Hove
Brisbane,NA,Australia,Brisbane,Australia,AUS_03,Brisbane (AU),AUS_BNE,NA,Brisbane
Bristol,NA,United Kingdom,Bristol - Metro,United Kingdom,UK011C,Bristol (UK),GBR_BRS,NA,Bristol
Brno,NA,Czechia,Brno - Metro,Czech Republic,CZ002C,NA,NA,NA,Brno
Brussels,brssl,Belgium,Brussels - Metro,Belgium,BE001C,Brussels (BE),BEL_BRU,NA,Brussels
Bucaramanga,NA,Colombia,Bucaramanga,Colombia,COLLC,NA,NA,NA,Bucaramanga
Bucharest,NA,Romania,Bucharest - Metro,Romania,RO001C,Bucharest (RO),ROM_BUH,NA,Bucharest
Budapest,bdpst,Hungary,Budapest - Metro,Hungary,HU001C,Budapest (HU),HUN_BUD,NA,Budapest
Buenos Aires,bnsrs,Argentina,Buenos Aires,Argentina,ARG1C,Buenos Aires (AR),ARG_BUE,NA,Buenos Aires
Buffalo,NA,United States,"Buffalo-Cheektowaga-Niagara Falls, NY",United States,USM32,"Buffalo, NY (US)",USA_BUF,NA,Buffalo
Bujumbura,NA,Burundi,Bujumbura,Burundi,BDI001,NA,NA,NA,Bujumbura
Bulawayo,NA,Zimbabwe,Bulawayo,Zimbabwe,ZWE002,NA,NA,NA,Bulawayo
Bursa,NA,Turkey,Bursa - Metro,Turkey,TR_04,NA,NA,NA,Bursa
Busan,NA,South Korea,Busan,South Korea,KOR2,Busan (KR),KOR_PUS,NA,Busan
Bydgoszcz,NA,Poland,Bydgoszcz - Metro,Poland,PL008C,NA,NA,NA,Bydgoszcz
Caen,NA,France,Caen - Metro,France,FR023C,NA,NA,NA,Caen
Cagayan de Oro,NA,Philippines,Cagayan de Oro,Philippines,PHL13C,NA,NA,NA,Cagayan de Oro
Cairo,NA,Egypt,Cairo,Egypt,EGY001,Cairo (EG),EGY_CAI,NA,Cairo
Calgary,NA,Canada,Calgary,Canada,CANA_1,Calgary (CA),CAN_CAL,NA,Calgary
Cali,NA,Colombia,Cali,Colombia,COLOC,NA,NA,NA,Cali
Cambridge,NA,United Kingdom,Cambridge - Metro,United Kingdom,UK017C,NA,NA,NA,Cambridge
Campo Grande,NA,Brazil,Campo Grande,Brazil,BRAC1,NA,NA,NA,Campo Grande
Can Tho,NA,Viet Nam,Can Tho,Vietnam,VNM5,NA,NA,NA,Can Tho
Canberra,NA,Australia,Canberra,Australia,AUS_06,Canberra (AU),AUS_CBR,NA,Canberra
Cancun,NA,Mexico,Cancún,Mexico,MEXNC,Cancún (MX),MEX_CUN,NA,Cancun
"Cangzhou, Hebei",NA,China,"Cangzhou, Hebei",China,CHN39,NA,NA,NA,"Cangzhou, Hebei"
"Cape Coral-Fort Myers, FL",NA,United States,"Cape Coral-Fort Myers, FL",United States,USM103,NA,NA,NA,"Cape Coral-Fort Myers, FL"
Cape Town,NA,South Africa,Cape Town,South Africa,ZAF002,Cape Town (ZA),ZAF_CPT,NA,Cape Town
Caracas,NA,Venezuela,Caracas,Venezuela,VEN1C,Caracas (VE),VEN_CCS,NA,Caracas
Cardiff,NA,United Kingdom,Cardiff - Metro,United Kingdom,UK009C,Cardiff (UK),GBR_CDF,NA,Cardiff
Cartagena,NA,Colombia,Cartagena,Colombia,COL4C,Cartagena (CO),COL_CTG,NA,Cartagena
Casablanca,NA,Morocco,Casablanca,Morocco,MAR001,Casablanca (MA),MAR_CAS,NA,Casablanca
Catania,NA,Italy,Catania - Metro,Italy,IT010C,NA,NA,NA,Catania
Cebu City,NA,Philippines,Cebu City,Philippines,PHL10C,Cebu City (PH),PHL_CEB,NA,Cebu City
Chandigarh,NA,India,Chandigarh,India,IND008,NA,NA,NA,Chandigarh
"Changchun, Jilin",NA,China,"Changchun, Jilin",China,CHN71,"Changchun, Jilin (CN)",CHN_CGQ,NA,"Changchun, Jilin"
"Changde, Hunan",NA,China,"Changde, Hunan",China,CHNI7,NA,NA,NA,"Changde, Hunan"
"Changsha, Hunan",NA,China,"Changsha, Hunan",China,CHNI1,"Changsha, Hunan (CN)",CHN_CSX,NA,"Changsha, Hunan"
"Changzhou, Jiangsu",NA,China,"Changzhou, Jiangsu",China,CHNA4,NA,NA,NA,"Changzhou, Jiangsu"
Charleroi,NA,Belgium,Charleroi - Metro,Belgium,BE004C,NA,NA,NA,Charleroi
"Charleston-North Charleston, SC",NA,United States,"Charleston-North Charleston, SC",United States,USM100,NA,NA,NA,"Charleston-North Charleston, SC"
Charlotte,NA,United States,"Charlotte-Concord-Gastonia, NC-SC",United States,USM04,"Charlotte, NC (US)",USA_CRQ,NA,Charlotte
Chelyabinsk,NA,Russian Federation,Chelyabinsk,Russia,RU_09,NA,NA,NA,Chelyabinsk
"Chengdu, Sichuan",NA,China,"Chengdu, Sichuan",China,CHNN1,"Chengdu, Sichuan (CN)",CHN_CTU,NA,"Chengdu, Sichuan"
Chennai,NA,India,Chennai,India,IND056,Chennai (IN),IND_MAA,NA,Chennai
"Chenzhou, Hunan",NA,China,"Chenzhou, Hunan",China,CHNIA,NA,NA,NA,"Chenzhou, Hunan"
Chicago,chcil,United States,"Chicago-Naperville-Elgin, IL-IN-WI",United States,USM05,"Chicago, IL (US)",USA_CHI,NA,Chicago
Chiclayo,NA,Peru,Chiclayo,Peru,PEREC,NA,NA,NA,Chiclayo
"Chifeng, Inner Mongolia",NA,China,"Chifeng, Inner Mongolia",China,CHN54,NA,NA,NA,"Chifeng, Inner Mongolia"
Chihuahua,NA,Mexico,Chihuahua,Mexico,MEXEC,NA,NA,NA,Chihuahua
Chișinău,NA,Moldova,Chişinău,Moldova,MDA001,NA,NA,NA,Chișinău
Chittagong,NA,Bangladesh,Chittagong,Bangladesh,BGD001,NA,NA,NA,Chittagong
Chongqing,NA,China,Chongqing,China,CHNM,Chongqing (CN),CHN_CKG,NA,Chongqing
Christchurch,NA,New Zealand,Christchurch,New Zealand,NZL11,Christchurch (NZ),NZL_CHC,NA,Christchurch
Cincinnati,NA,United States,"Cincinnati, OH-KY-IN",United States,USM29,"Cincinnati, OH (US)",USA_CVG,NA,Cincinnati
Ciudad Guayana,NA,Venezuela,Ciudad Guayana,Venezuela,VEN6C,NA,NA,NA,Ciudad Guayana
Clermont-Ferrand,NA,France,Clermont-Ferrand - Metro,France,FR022C,NA,NA,NA,Clermont-Ferrand
Cleveland,NA,United States,"Cleveland-Elyria, OH",United States,USM26,"Cleveland, OH (US)",USA_CLE,NA,Cleveland
Cochabamba,NA,Bolivia,Cochabamba,Bolivia,BOL001,NA,NA,NA,Cochabamba
Coimbatore,NA,India,Coimbatore,India,IND057,NA,NA,NA,Coimbatore
Cologne,colgn,Germany,Cologne - Metro,Germany,DE004C,Cologne (DE),DEU_CGN,NA,Cologne
Colombo,NA,Sri Lanka,Colombo,Sri Lanka,LKA001,Colombo (LK),LKA_CMB,NA,Colombo
"Colorado Springs, CO",NA,United States,"Colorado Springs, CO",United States,USM102,NA,NA,NA,"Colorado Springs, CO"
"Columbia, SC",NA,United States,"Columbia, SC",United States,USM85,NA,NA,NA,"Columbia, SC"
"Columbus, OH",NA,United States,"Columbus, OH",United States,USM33,"Columbus, OH (US)",USA_CMH,NA,"Columbus, OH"
Conakry,NA,Guinea,Conakry,Guinea,GIN001,NA,NA,NA,Conakry
Concepción,NA,Chile,Concepción,Chile,CHL8C,NA,NA,NA,Concepción
Constantine,NA,Algeria,Constantine,Algeria,DZA003,NA,NA,NA,Constantine
Copenhagen,cpnhg,Denmark,Copenhagen - Metro,Denmark,DK001C,Copenhagen (DK),DNK_CPH,NA,Copenhagen
Córdoba,NA,Argentina,Córdoba,Argentina,ARG6C,NA,NA,NA,Córdoba
Cotonou,NA,Benin,Cotonou,Benin,BEN001,NA,NA,NA,Cotonou
Coventry,NA,United Kingdom,Coventry - Metro,United Kingdom,UK025C,NA,NA,NA,Coventry
Cracow,NA,Poland,Cracow - Metro,Poland,PL003C,Cracow (PL),POL_KRK,NA,Cracow
Cúcuta,NA,Colombia,Cúcuta,Colombia,COLIC,NA,NA,NA,Cúcuta
Cuernavaca,NA,Mexico,Cuernavaca,Mexico,MEXJC,NA,NA,NA,Cuernavaca
Cuiabá RM,NA,Brazil,Cuiabá RM,Brazil,BRAB1,Curitiba (BR),BRA_CWB,NA,Cuiabá RM
Culiacán,NA,Mexico,Culiacán,Mexico,MEXPC,NA,NA,NA,Culiacán
Curitiba RM,NA,Brazil,Curitiba RM,Brazil,BRAGA,NA,NA,NA,Curitiba RM
Cuttack,NA,India,Cuttack,India,IND047,NA,NA,NA,Cuttack
Da Nang,NA,Viet Nam,Da Nang,Vietnam,VNM4,NA,NA,NA,Da Nang
Daegu,NA,South Korea,Daegu,South Korea,KOR3,Daegu (KR),KOR_TAE,NA,Daegu
Daejeon,NA,South Korea,Daejeon,South Korea,KOR6,NA,NA,NA,Daejeon
Dakar,NA,Senegal,Dakar,Senegal,SEN001,NA,NA,NA,Dakar
"Dalian, Liaoning",NA,China,"Dalian, Liaoning",China,CHN62,"Dalian, Liaoning (CN)",CHN_DXG,NA,"Dalian, Liaoning"
Dallas,dlltx,United States,"Dallas-Fort Worth-Arlington, TX",United States,USM06,"Dallas, TX (US)",USA_DLX,NA,Dallas
Dammam,NA,Saudi Arabia,Dammam,Saudi Arabia,SAU004,NA,NA,NA,Dammam
"Daqing, Heilongjiang",NA,China,"Daqing, Heilongjiang",China,CHN86,NA,NA,NA,"Daqing, Heilongjiang"
Dar Es Salaam,NA,Tanzania,Dar Es Salaam,Tanzania,TZA001,Dar Es Salaam (TZ),TZA_DAR,NA,Dar Es Salaam
Davao City,NA,Philippines,Davao City,Philippines,PHL14C,NA,NA,NA,Davao City
"Dayton, OH",NA,United States,"Dayton, OH",United States,USM68,NA,NA,NA,"Dayton, OH"
"Dazhou, Sichuan",NA,China,"Dazhou, Sichuan",China,CHNNF,NA,NA,NA,"Dazhou, Sichuan"
Delhi,NA,India,Delhi,India,IND011,Delhi (IN),IND_DEL,NA,Delhi
Denizli,NA,Turkey,Denizli - Metro,Turkey,TR_12,NA,NA,NA,Denizli
Denpasar,NA,Indonesia,Denpasar,Indonesia,IDNHC,Denpasar (ID),IDN_DPS,NA,Denpasar
Denver,dnvco,United States,"Denver-Aurora-Lakewood, CO",United States,USM07,"Denver, CO (US)",USA_DEN,NA,Denver
Derby,NA,United Kingdom,Derby - Metro,United Kingdom,UK518C,NA,NA,NA,Derby
"Des Moines-West Des Moines, IA",NA,United States,"Des Moines-West Des Moines, IA",United States,USM89,NA,NA,NA,"Des Moines-West Des Moines, IA"
Detroit,dtrmi,United States,"Detroit-Warren-Dearborn, MI",United States,USM08,"Detroit, MI (US)",USA_DET,NA,Detroit
"Deyang, Sichuan",NA,China,"Deyang, Sichuan",China,CHNN5,NA,NA,NA,"Deyang, Sichuan"
"Dezhou, Shandong",NA,China,"Dezhou, Shandong",China,CHNFE,NA,NA,NA,"Dezhou, Shandong"
Dhaka,NA,Bangladesh,Dhaka,Bangladesh,BGD002,Dhaka (BD),BGD_DAC,NA,Dhaka
Dhanbad,NA,India,Dhanbad,India,IND021,NA,NA,NA,Dhanbad
Dijon,NA,France,Dijon - Metro,France,FR020C,NA,NA,NA,Dijon
Diyarbakir,NA,Turkey,Diyarbakir - Metro,Turkey,TR_10,NA,NA,NA,Diyarbakir
Djibouti City,NA,Djibouti,Djibouti City,Djibouti,DJI001,NA,NA,NA,Djibouti City
Dnipropetrovsk,NA,Ukraine,Dnipro,Ukraine,UR_04,NA,NA,NA,Dnipropetrovsk
Dodoma,NA,Tanzania,Dodoma,Tanzania,TZA003,NA,NA,NA,Dodoma
Doha,NA,Qatar,Doha,Qatar,QAT001,Doha (QA),QAT_DOH,NA,Doha
"Dongguan, Guangdong",NA,China,"Dongguan, Guangdong",China,CHNJH,"Dongguan, Guangdong (CN)",CHN_DGG,NA,"Dongguan, Guangdong"
"Dongying, Shandong",NA,China,"Dongying, Shandong",China,CHNF5,NA,NA,NA,"Dongying, Shandong"
Dortmund,NA,Germany,NA,NA,NA,Dortmund (DE),DEU_DTM,NA,Dortmund
Douala,NA,Cameroon,Douala,Cameroon,CMR001,NA,NA,NA,Douala
Dresden,NA,Germany,Dresden - Metro,Germany,DE009C,Dresden (DE),DEU_DRS,NA,Dresden
Dubai,dubai,United Arab Emirates,Dubai-Sharjah-Ajman,UAE,ARE5C,Dubai (AE),ARE_DXB,NA,Dubai
Dublin,dubln,Ireland,Dublin - Metro,Ireland,IE001C,Dublin (IE),IRL_DUB,NA,Dublin
Dubrovnik,NA,Croatia,NA,NA,NA,Dubrovnik (HR),HRV_DBV,NA,Dubrovnik
Duisburg,NA,Germany,NA,NA,NA,Duisburg (DE),DEU_DUI,NA,Duisburg
Durban,NA,South Africa,Durban,South Africa,ZAF004,Durban (ZA),ZAF_DUR,NA,Durban
"Durham-Chapel Hill, NC",NA,United States,"Durham-Chapel Hill, NC",United States,USM53,NA,NA,NA,"Durham-Chapel Hill, NC"
Dushanbe,NA,Tajikistan,Dushanbe,Tajikistan,TJK001,NA,NA,NA,Dushanbe
Dusseldorf,dssld,Germany,Dusseldorf - Metro,Germany,DE011C,Dusseldorf DE),DEU_DUS,NA,Dusseldorf
Edinburgh,ednbr,United Kingdom,Edinburgh - Metro,United Kingdom,UK007C,Edinburgh (UK),GBR_EDI,NA,Edinburgh
Edmonton,NA,Canada,Edmonton,Canada,CANA_2,Edmonton (CA),CAN_EDM,NA,Edmonton
Ehime,NA,Japan,NA,NA,NA,Ehime (JP),JPN_MYJ,NA,Ehime
Eindhoven,NA,Netherlands,Eindhoven - Metro,Netherlands,NL005C,NA,NA,NA,Eindhoven
Ekaterinburg,NA,Russian Federation,Ekaterinburg,Russia,RU_04,NA,NA,NA,Ekaterinburg
El Paso,NA,United States,"El Paso, TX",United States,USM34,"El Paso, TX (US)",USA_ELP,NA,El Paso
Enugu,NA,Nigeria,Enugu,Nigeria,NGA013,NA,NA,NA,Enugu
"Erdos, Inner Mongolia",NA,China,"Erdos, Inner Mongolia",China,CHN56,NA,NA,NA,"Erdos, Inner Mongolia"
Erfurt,NA,Germany,Erfurt - Metro,Germany,DE032C,NA,NA,NA,Erfurt
Esfahan,NA,Iran,Esfahan,Iran,IRN002,NA,NA,NA,Esfahan
Essen,NA,Germany,NA,NA,NA,Essen (DE),DEU_EEN,NA,Essen
Faisalabad,NA,Pakistan,Faisalabad,Pakistan,PAK001,NA,NA,NA,Faisalabad
Faridabad,NA,India,Faridabad,India,IND017,NA,NA,NA,Faridabad
Fès,NA,Morocco,Fès,Morocco,MAR003,NA,NA,NA,Fès
Florence,NA,Italy,Florence - Metro,Italy,IT007C,Florence (IT),ITA_FLR,NA,Florence
Florianópolis RM,NA,Brazil,Florianópolis RM,Brazil,BRAO1,NA,NA,NA,Florianópolis RM
Fortaleza RM,NA,Brazil,Fortaleza RM,Brazil,BRA63,Fortaleza (BR),BRA_FOR,NA,Fortaleza RM
"Foshan, Guangdong",NA,China,"Foshan, Guangdong",China,CHNJ6,"Foshan, Guangdong (CN)",CHN_FOS,NA,"Foshan, Guangdong"
Frankfurt,frnkf,Germany,Frankfurt am Main - Metro,Germany,DE005C,Frankfurt (DE),DEU_FRA,NA,Frankfurt
Freetown,NA,Sierra Leone,Freetown,Sierra Leone,SLE001,NA,NA,NA,Freetown
Freiburg im Breisgau,NA,Germany,Freiburg im Breisgau - Metro,Germany,DE027C,NA,NA,NA,Freiburg im Breisgau
"Fresno, CA",NA,United States,"Fresno, CA",United States,USM69,NA,NA,NA,"Fresno, CA"
Fukuoka-Kitakyushu MMA,NA,Japan,Kitakyushu-Fukuoka MMA,Japan,JPN_04,Fukuoka (JP),JPN_FUK,NA,Fukuoka-Kitakyushu MMA
"Fuyang, Anhui",NA,China,"Fuyang, Anhui",China,CHNCB,NA,NA,NA,"Fuyang, Anhui"
"Fuzhou, Fujian",NA,China,"Fuzhou, Fujian",China,CHND1,"Fuzhou, Fujian (CN)",CHN_FZP,NA,"Fuzhou, Fujian"
Gabarone,NA,Botswana,Gaborone,Botswana,BWA001,NA,NA,NA,Gabarone
"Ganzhou, Jiangxi",NA,China,"Ganzhou, Jiangxi",China,CHNE7,NA,NA,NA,"Ganzhou, Jiangxi"
Gaziantep,NA,Turkey,Gaziantep - Metro,Turkey,TR_06,NA,NA,NA,Gaziantep
Gdansk,NA,Poland,Gdansk - Metro,Poland,PL006C,NA,NA,NA,Gdansk
General Santos,NA,Philippines,General Santos,Philippines,PHL15C,NA,NA,NA,General Santos
Geneva,NA,Switzerland,Geneva - Metro,Switzerland,CH002C,Geneva (CH),CHE_GVA,NA,Geneva
Genoa,NA,Italy,Genoa - Metro,Italy,IT006C,Genova (IT),ITA_GOA,NA,Genoa
Gent,NA,Belgium,Gent - Metro,Belgium,BE003C,NA,NA,NA,Gent
Georgetown (Guyana),NA,Guyana,Georgetown (Guyana),Guyana,GUY001,NA,NA,NA,Georgetown (Guyana)
Georgetown (Malaysia),NA,Malaysia,Georgetown (Malaysia),Malaysia,MYS9C,Georgetown (MY),MYS_PEN,NA,Georgetown (Malaysia)
Ghaziabad,NA,India,Ghaziabad,India,IND066,NA,NA,NA,Ghaziabad
Glasgow,glsgw,United Kingdom,Glasgow - Metro,United Kingdom,UK004C,Glasgow (UK),GBR_GLW,NA,Glasgow
Goiânia RM,NA,Brazil,Goiânia RM,Brazil,BRA91,NA,NA,NA,Goiânia RM
Gomel,NA,Belarus,Gomel,Belarus,BLR001,NA,NA,NA,Gomel
Gorakhpur,NA,India,Gorakhpur,India,IND067,NA,NA,NA,Gorakhpur
Gothenburg,NA,Sweden,Gothenburg - Metro,Sweden,SE002C,Gothenburg (SE),SWE_GOT,NA,Gothenburg
Granada,NA,Spain,Granada - Metro,Spain,ES501C,NA,NA,NA,Granada
"Grand Rapids-Wyoming, MI",NA,United States,"Grand Rapids-Wyoming, MI",United States,USM79,NA,NA,NA,"Grand Rapids-Wyoming, MI"
Grande São Luís RM,NA,Brazil,Grande São Luís RM,Brazil,BRAA1,NA,NA,NA,Grande São Luís RM
Graz,NA,Austria,Graz - Metro,Austria,AT002C,NA,NA,NA,Graz
"Greensboro-High Point, NC",NA,United States,"Greensboro-High Point, NC",United States,USM70,NA,NA,NA,"Greensboro-High Point, NC"
"Greenville-Anderson-Mauldin, SC",NA,United States,"Greenville-Anderson-Mauldin, SC",United States,USM71,NA,NA,NA,"Greenville-Anderson-Mauldin, SC"
Grenoble,NA,France,Grenoble - Metro,France,FR026C,NA,NA,NA,Grenoble
Groningen,NA,Netherlands,Groningen - Metro,Netherlands,NL007C,NA,NA,NA,Groningen
Guadalajara,NA,Mexico,Guadalajara,Mexico,MEX2C,Guadalajara (MX),MEX_GDL,NA,Guadalajara
"Guangzhou, Guangdong",NA,China,"Guangzhou, Guangdong",China,CHNJ1,"Guangzhou, Guangdong (CN)",CHN_GZP,NA,"Guangzhou, Guangdong"
Guatemala City,NA,Guatemala,Guatemala City,Guatemala,GTM001,NA,NA,NA,Guatemala City
Guayaquil,NA,Ecuador,Guayaquil,Ecuador,ECU001,Guayaquil (EC),ECU_GYE,NA,Guayaquil
"Guigang, Guangxi",NA,China,"Guigang, Guangxi",China,CHNK8,NA,NA,NA,"Guigang, Guangxi"
"Guilin, Guangxi",NA,China,"Guilin, Guangxi",China,CHNK3,NA,NA,NA,"Guilin, Guangxi"
"Guiyang, Guizhou",NA,China,"Guiyang, Guizhou",China,CHNO1,NA,NA,NA,"Guiyang, Guizhou"
Gujranwala,NA,Pakistan,Gujranwala,Pakistan,PAK002,NA,NA,NA,Gujranwala
Guntur,NA,India,Guntur,India,IND001,NA,NA,NA,Guntur
Guwahati,NA,India,Guwahati,India,IND006,NA,NA,NA,Guwahati
Gwalior,NA,India,Gwalior,India,IND034,NA,NA,NA,Gwalior
Gwangju,NA,South Korea,Gwangju,South Korea,KOR5,NA,NA,NA,Gwangju
Hà Noi,NA,Viet Nam,Hà Noi,Vietnam,VNM2,HÃ  Noi (VN),VNM_HAN,NA,Hà Noi
Hai Phòng,NA,Viet Nam,Hai Phòng,Vietnam,VNM3,NA,NA,NA,Hai Phòng
Haifa,NA,Israel,Haifa,Israel,ISR001,NA,NA,NA,Haifa
Halifax,NA,Canada,Halifax,Canada,CANG_1,NA,NA,NA,Halifax
Halle an der Saale,NA,Germany,Halle an der Saale - Metro,Germany,DE018C,NA,NA,NA,Halle an der Saale
Hamburg,hmbrg,Germany,Hamburg - Metro,Germany,DE002C,Hamburg (DE),DEU_HAM,NA,Hamburg
Hamilton,NA,Canada,Hamilton,Canada,CANH_3,NA,NA,NA,Hamilton
"Handan, Hebei",NA,China,"Handan, Hebei",China,CHN34,NA,NA,NA,"Handan, Hebei"
"Hangzhou, Zhejiang",NA,China,"Hangzhou, Zhejiang",China,CHNB1,"Hangzhou, Zhejiang (CN)",CHN_HGH,NA,"Hangzhou, Zhejiang"
Hanover,NA,Germany,Hanover - Metro,Germany,DE013C,Hannover (DE),DEU_HAJ,NA,Hanover
Harare,NA,Zimbabwe,Harare,Zimbabwe,ZWE001,NA,NA,NA,Harare
"Harbin, Heilongjiang",NA,China,"Harbin, Heilongjiang",China,CHN81,"Harbin, Heilongjiang (CN)",CHN_HRB,NA,"Harbin, Heilongjiang"
"Harrisburg-Carlisle, PA",NA,United States,"Harrisburg-Carlisle, PA",United States,USM58,NA,NA,NA,"Harrisburg-Carlisle, PA"
"Hartford-West Hartford-East Hartford, CT",NA,United States,"Hartford-West Hartford-East Hartford, CT",United States,USM54,NA,NA,NA,"Hartford-West Hartford-East Hartford, CT"
Havana,NA,Cuba,Havana,Cuba,CUB001,NA,NA,NA,Havana
"Hefei, Anhui",NA,China,"Hefei, Anhui",China,CHNC1,NA,NA,NA,"Hefei, Anhui"
Helsinki,NA,Finland,Helsinki - Metro,Finland,FI001C,Helsinki (FI),FIN_HEL,NA,Helsinki
"Hengshui, Hebei",NA,China,"Hengshui, Hebei",China,CHN3B,NA,NA,NA,"Hengshui, Hebei"
"Hengyang, Hunan",NA,China,"Hengyang, Hunan",China,CHNI4,NA,NA,NA,"Hengyang, Hunan"
Hermosillo,NA,Mexico,Hermosillo,Mexico,MEXQC,NA,NA,NA,Hermosillo
"Heze, Shandong",NA,China,"Heze, Shandong",China,CHNFH,NA,NA,NA,"Heze, Shandong"
Hiroshima MMA,NA,Japan,Hiroshima MMA,Japan,JPN_07,Hiroshima (JP),JPN_HIJ,NA,Hiroshima MMA
Ho Chi Minh City,NA,Viet Nam,Ho Chi Minh City,Vietnam,VNM1,Ho Chi Minh City (VN),VNM_SGN,NA,Ho Chi Minh City
"Hohhot, Inner Mongolia",NA,China,"Hohhot, Inner Mongolia",China,CHN51,NA,NA,NA,"Hohhot, Inner Mongolia"
Hokkaido,NA,Japan,NA,NA,NA,Hokkaido (JP),JPN_SPK,NA,Hokkaido
Hong Kong,hngkn,China,"Hong Kong, China",China,HKG,"Hong Kong, China (HK)",HKG_TOT,NA,Hong Kong
Honolulu,hnlhi,United States,NA,NA,NA,"Honolulu, HI (US)",USA_HNL,NA,Honolulu
Houston,hsttx,United States,"Houston-The Woodlands-Sugar Land, TX",United States,USM09,"Houston, TX (US)",USA_HKA,NA,Houston
"Huaian, Jiangsu",NA,China,"Huaian, Jiangsu",China,CHNA8,NA,NA,NA,"Huaian, Jiangsu"
"Huaihua, Hunan",NA,China,"Huaihua, Hunan",China,CHNIC,NA,NA,NA,"Huaihua, Hunan"
Huambo,NA,Angola,Huambo,Angola,AGO002,NA,NA,NA,Huambo
"Huanggang, Hubei",NA,China,"Huanggang, Hubei",China,CHNHA,NA,NA,NA,"Huanggang, Hubei"
Hubli-Dharwad,NA,India,Hubli-Dharwad,India,IND026,NA,NA,NA,Hubli-Dharwad
"Huizhou, Guangdong",NA,China,"Huizhou, Guangdong",China,CHNJB,NA,NA,NA,"Huizhou, Guangdong"
"Huzhou, Zhejiang",NA,China,"Huzhou, Zhejiang",China,CHNB5,NA,NA,NA,"Huzhou, Zhejiang"
Hyderabad (India),NA,India,Hyderabad (India),India,IND002,Hyderabad (IN),IND_HYD,NA,Hyderabad (India)
Hyderabad (Pakistan),NA,Pakistan,Hyderabad (Pakistan),Pakistan,PAK003,NA,NA,NA,Hyderabad (Pakistan)
Iasi,NA,Romania,Iasi - Metro,Romania,RO502C,NA,NA,NA,Iasi
Ibadan,NA,Nigeria,Ibadan,Nigeria,NGA003,NA,NA,NA,Ibadan
Ibagué,NA,Colombia,Ibagué,Colombia,COLNC,NA,NA,NA,Ibagué
Ilorin,NA,Nigeria,Ilorin,Nigeria,NGA012,NA,NA,NA,Ilorin
Incheon,NA,South Korea,Incheon,South Korea,KOR4,Incheon (KR),KOR_INC,NA,Incheon
Indianapolis,NA,United States,"Indianapolis-Carmel-Anderson, IN",United States,USM36,"Indianapolis, IN (US)",USA_IND,NA,Indianapolis
Indore,NA,India,Indore,India,IND035,NA,NA,NA,Indore
Ipoh,NA,Malaysia,Ipoh,Malaysia,MYS7C,NA,NA,NA,Ipoh
Irkutsk,NA,Russian Federation,Irkutsk,Russia,RU_23,NA,NA,NA,Irkutsk
Islamabad,NA,Pakistan,Islamabad,Pakistan,PAK004,NA,NA,NA,Islamabad
Istanbul,NA,Turkey,Istanbul - Metro,Turkey,TR_01,Istanbul (TR),TUR_IST,NA,Istanbul
Izhevsk,NA,Russian Federation,Izhevsk,Russia,RU_18,NA,NA,NA,Izhevsk
Izmir,NA,Turkey,Izmir - Metro,Turkey,TR_03,Izmir (TR),TUR_IZM,NA,Izmir
Jabalpur,NA,India,Jabalpur,India,IND036,NA,NA,NA,Jabalpur
Jacksonville,NA,United States,"Jacksonville, FL",United States,USM37,"Jacksonville, FL (US)",USA_JAX,NA,Jacksonville
Jaipur,NA,India,Jaipur,India,IND053,NA,NA,NA,Jaipur
Jakarta,NA,Indonesia,Jakarta,Indonesia,IDNBC,Jakarta (ID),IDN_JKT,NA,Jakarta
Jalandhar,NA,India,Jalandhar,India,IND050,NA,NA,NA,Jalandhar
Jambi,NA,Indonesia,Jambi,Indonesia,IDN6C,NA,NA,NA,Jambi
Jammu,NA,India,Jammu,India,IND018,NA,NA,NA,Jammu
Jamshedpur,NA,India,Jamshedpur,India,IND022,NA,NA,NA,Jamshedpur
Jeddah,NA,Saudi Arabia,Jeddah,Saudi Arabia,SAU005,Jeddah (SA),SAU_JED,NA,Jeddah
Jerusalem,NA,Israel,Jerusalem,Israel,ISR002,NA,NA,NA,Jerusalem
"Jiangmen, Guangdong",NA,China,"Jiangmen, Guangdong",China,CHNJ7,NA,NA,NA,"Jiangmen, Guangdong"
"Jiaozuo, Henan",NA,China,"Jiaozuo, Henan",China,CHNG8,NA,NA,NA,"Jiaozuo, Henan"
"Jiaxing, Zhejiang",NA,China,"Jiaxing, Zhejiang",China,CHNB4,NA,NA,NA,"Jiaxing, Zhejiang"
"Jieyang, Guangdong",NA,China,"Jieyang, Guangdong",China,CHNJK,NA,NA,NA,"Jieyang, Guangdong"
"Jilin, Jilin",NA,China,"Jilin, Jilin",China,CHN72,NA,NA,NA,"Jilin, Jilin"
"Jinan, Shandong",NA,China,"Jinan, Shandong",China,CHNF1,"Jinan, Shandong (CN)",CHN_TNA,NA,"Jinan, Shandong"
"Jingzhou, Hubei",NA,China,"Jingzhou, Hubei",China,CHNH9,NA,NA,NA,"Jingzhou, Hubei"
"Jinhua, Zhejiang",NA,China,"Jinhua, Zhejiang",China,CHNB7,NA,NA,NA,"Jinhua, Zhejiang"
"Jining, Shandong",NA,China,"Jining, Shandong",China,CHNF8,NA,NA,NA,"Jining, Shandong"
"Jiujiang, Jiangxi",NA,China,"Jiujiang, Jiangxi",China,CHNE4,NA,NA,NA,"Jiujiang, Jiangxi"
João Pessoa RM,NA,Brazil,João Pessoa RM,Brazil,BRAF2,NA,NA,NA,João Pessoa RM
Jodhpur,NA,India,Jodhpur,India,IND054,NA,NA,NA,Jodhpur
Johannesburg,NA,South Africa,Johannesburg,South Africa,ZAF001,Johannesburg (ZA),ZAF_JNB,NA,Johannesburg
Johor Bahru,NA,Malaysia,Johor Bahru,Malaysia,MYS1C,NA,NA,NA,Johor Bahru
Jos,NA,Nigeria,Jos,Nigeria,NGA014,NA,NA,NA,Jos
Juárez,NA,Mexico,Juárez,Mexico,MEXEC2,NA,NA,NA,Juárez
Kabul,NA,Afghanistan,Kabul,Afghanistan,AFG001,NA,NA,NA,Kabul
Kaduna,NA,Nigeria,Kaduna,Nigeria,NGA006,NA,NA,NA,Kaduna
Kagoshima MA,NA,Japan,Kagoshima MA,Japan,JPN_12,Kagoshima (JP),JPN_KOJ,NA,Kagoshima MA
Kahramanmaras,NA,Turkey,Kahramanmaras - Metro,Turkey,TR_13,NA,NA,NA,Kahramanmaras
"Kaifeng, Henan",NA,China,"Kaifeng, Henan",China,CHNG2,NA,NA,NA,"Kaifeng, Henan"
Kampala,NA,Uganda,Kampala,Uganda,UGA001,NA,NA,NA,Kampala
Kannur,NA,India,Kannur,India,IND029,NA,NA,NA,Kannur
Kano,NA,Nigeria,Kano,Nigeria,NGA002,NA,NA,NA,Kano
Kanpur,NA,India,Kanpur,India,IND068,NA,NA,NA,Kanpur
Kansas City,NA,United States,"Kansas City, MO-KS",United States,USM28,"Kansas City, MO (US)",USA_KCK,NA,Kansas City
Kaohsiung,NA,Taiwan,Kaohsiung,Taiwan,TAI31,NA,NA,NA,Kaohsiung
Karachi,NA,Pakistan,Karachi,Pakistan,PAK005,Karachi (PK),PAK_KHI,NA,Karachi
Karlsruhe,NA,Germany,Karlsruhe - Metro,Germany,DE035C,NA,NA,NA,Karlsruhe
Kathmandu,NA,Nepal,Kathmandu,Nepal,NPL001,Kathmandu (NP),NPL_KTM,NA,Kathmandu
Katowice,NA,Poland,Katowice - Metro,Poland,PL010C,NA,NA,NA,Katowice
Kayseri,NA,Turkey,Kayseri - Metro,Turkey,TR_09,NA,NA,NA,Kayseri
Kazan,NA,Russian Federation,Kazan,Russia,RU_08,NA,NA,NA,Kazan
Kerman,NA,Iran,Kerman,Iran,IRN004,NA,NA,NA,Kerman
Kermanshah,NA,Iran,Kermanshah,Iran,IRN005,NA,NA,NA,Kermanshah
Khabarovsk,NA,Russian Federation,Khabarovsk,Russia,RU_25,NA,NA,NA,Khabarovsk
Kharkiv,NA,Ukraine,Kharkiv,Ukraine,UR_02,NA,NA,NA,Kharkiv
Khartoum,NA,Sudan,Khartoum,Sudan,SDN001,NA,NA,NA,Khartoum
Khulna,NA,Bangladesh,Khulna,Bangladesh,BGD003,NA,NA,NA,Khulna
Kiel,NA,Germany,Kiel - Metro,Germany,DE039C,NA,NA,NA,Kiel
Kiev,NA,Ukraine,Kiev,Ukraine,UR_01,Kiev (UA),UKR_IEV,NA,Kiev
Kigali,NA,Rwanda,Kigali,Rwanda,RWA001,NA,NA,NA,Kigali
Kimberley,NA,South Africa,Kimberley,South Africa,ZAF006,NA,NA,NA,Kimberley
Kingston,NA,Jamaica,Kingston,Jamaica,JAM001,NA,NA,NA,Kingston
Kingston upon Hull,NA,United Kingdom,Kingston upon Hull - Metro,United Kingdom,UK026C,NA,NA,NA,Kingston upon Hull
Kinshasa,NA,"Congo, Dem. Rep.",Kinshasa,Democratic Republic of Congo,COD001,NA,NA,NA,Kinshasa
Kitwe,NA,Zambia,Kitwe,Zambia,ZMB002,NA,NA,NA,Kitwe
"Knoxville, TN",NA,United States,"Knoxville, TN",United States,USM62,NA,NA,NA,"Knoxville, TN"
Kochi,NA,India,Kochi,India,IND030,NA,NA,NA,Kochi
Kolkata,NA,India,Kolkata,India,IND075,Kolkata (IN),IND_CCU,NA,Kolkata
Konya,NA,Turkey,Konya - Metro,Turkey,TR_07,NA,NA,NA,Konya
Kota,NA,India,Kota,India,IND055,NA,NA,NA,Kota
Kota Bharu,NA,Malaysia,Kota Bharu,Malaysia,MYS3C,NA,NA,NA,Kota Bharu
Kota Kinabalu,NA,Malaysia,Kota Kinabalu,Malaysia,MYS10C,NA,NA,NA,Kota Kinabalu
Kozhikode,NA,India,Kozhikode,India,IND031,NA,NA,NA,Kozhikode
Krasnodar,NA,Russian Federation,Krasnodar,Russia,RU_17,NA,NA,NA,Krasnodar
Krasnoyarsk,NA,Russian Federation,Krasnoyarsk,Russia,RU_14,NA,NA,NA,Krasnoyarsk
Kuala Lumpur,NA,Malaysia,Kuala Lumpur,Malaysia,MYS14C,Kuala Lumpur (MY),MYS_KUL,NA,Kuala Lumpur
Kuala Muda,NA,Malaysia,Kuala Muda,Malaysia,MYS2C,NA,NA,NA,Kuala Muda
Kuantan,NA,Malaysia,Kuantan,Malaysia,MYS6C,NA,NA,NA,Kuantan
Kuching,NA,Malaysia,Kuching,Malaysia,MYS11C,NA,NA,NA,Kuching
Kumamoto MA,NA,Japan,Kumamoto MMA,Japan,JPN_11,Kumamoto (JP),JPN_KMJ,NA,Kumamoto MA
Kumasi,NA,Ghana,Kumasi,Ghana,GHA002,NA,NA,NA,Kumasi
"Kunming, Yunnan",NA,China,"Kunming, Yunnan",China,CHNP1,"Kunming, Yunnan (CN)",CHN_KMG,NA,"Kunming, Yunnan"
Kuwait City,NA,Kuwait,Kuwait City,Kuwait,KWT001,Kuwait City (KW),KWT_KWI,NA,Kuwait City
La Paz,NA,Bolivia,La Paz,Bolivia,BOL002,La Paz (BO),BOL_LPB,NA,La Paz
La Plata,NA,Argentina,La Plata,Argentina,ARG2C,NA,NA,NA,La Plata
Lagos,NA,Nigeria,Lagos,Nigeria,NGA001,Lagos (NG),NGA_LOS,NA,Lagos
Lahore,NA,Pakistan,Lahore,Pakistan,PAK006,Lahore (PK),PAK_LHE,NA,Lahore
"Langfang, Hebei",NA,China,"Langfang, Hebei",China,CHN3A,NA,NA,NA,"Langfang, Hebei"
"Lanzhou, Gansu",NA,China,"Lanzhou, Gansu",China,CHNR1,NA,NA,NA,"Lanzhou, Gansu"
Las Palmas,NA,Spain,Las Palmas - Metro,Spain,ES008C,NA,NA,NA,Las Palmas
Las Vegas,NA,United States,"Las Vegas-Henderson-Paradise, NV",United States,USM30,"Las Vegas, NV (US)",USA_LAS,NA,Las Vegas
Lausanne,NA,Switzerland,Lausanne - Metro,Switzerland,CH005C,NA,NA,NA,Lausanne
Leeds,leeds,United Kingdom,Leeds - Metro,United Kingdom,UK003C,Leeds-Bradford (UK),GBR_LBA,NA,Leeds
Leicester,NA,United Kingdom,Leicester - Metro,United Kingdom,UK014C,Leicester (UK),GBR_LCS,NA,Leicester
Leipzig,NA,Germany,Leipzig - Metro,Germany,DE008C,Leipzig (DE),DEU_LEJ,NA,Leipzig
León,NA,Mexico,León,Mexico,MEX7C,NA,NA,NA,León
"Lianyungang, Jiangsu",NA,China,"Lianyungang, Jiangsu",China,CHNA7,NA,NA,NA,"Lianyungang, Jiangsu"
"Liaocheng, Shandong",NA,China,"Liaocheng, Shandong",China,CHNFF,NA,NA,NA,"Liaocheng, Shandong"
Libreville,NA,Gabon,Libreville,Gabon,GAB001,NA,NA,NA,Libreville
Liege,NA,Belgium,Liege - Metro,Belgium,BE005C,Liege (BE),BEL_LGG,NA,Liege
Lille,NA,France,Lille - Metro,France,FR009C,Lille (FR),FRA_LLE,NA,Lille
Lilongwe,NA,Malawi,Lilongwe,Malawi,MWI001,NA,NA,NA,Lilongwe
Lima,NA,Peru,Lima,Peru,PERF,Lima (PE),PER_LIM,NA,Lima
"Linfen, Shanxi",NA,China,"Linfen, Shanxi",China,CHN4A,NA,NA,NA,"Linfen, Shanxi"
"Linyi, Shandong",NA,China,"Linyi, Shandong",China,CHNFD,NA,NA,NA,"Linyi, Shandong"
Linz,NA,Austria,Linz - Metro,Austria,AT003C,NA,NA,NA,Linz
Lipetsk,NA,Russian Federation,Lipetsk,Russia,RU_33,NA,NA,NA,Lipetsk
Lisbon,NA,Portugal,Lisbon - Metro,Portugal,PT001C,Lisbon (PT),PRT_LIS,NA,Lisbon
"Little Rock-North Little Rock-Conway, AR",NA,United States,"Little Rock-North Little Rock-Conway, AR",United States,USM87,NA,NA,NA,"Little Rock-North Little Rock-Conway, AR"
"Liuan, Anhui",NA,China,"Liuan, Anhui",China,CHNCE,NA,NA,NA,"Liuan, Anhui"
"Liuzhou, Guangxi",NA,China,"Liuzhou, Guangxi",China,CHNK2,NA,NA,NA,"Liuzhou, Guangxi"
Liverpool,NA,United Kingdom,Liverpool - Metro,United Kingdom,UK006C,Liverpool (UK),GBR_LIV,NA,Liverpool
Ljubljana,NA,Slovenia,Ljubljana - Metro,Slovenia,SI001C,NA,NA,NA,Ljubljana
Lodz,NA,Poland,Lodz - Metro,Poland,PL002C,NA,NA,NA,Lodz
Lomé,NA,Togo,Lomé,Togo,TGO001,NA,NA,NA,Lomé
London,londn,United Kingdom,London - Metro,United Kingdom,UK001C,London (UK),GBR_LON,NA,London
Los Angeles,lsaca,United States,"Los Angeles-Long Beach-Anaheim, CA",United States,USM10,"Los Angeles, CA (US)",USA_LAX,NA,Los Angeles
Louisville,NA,United States,"Louisville/Jefferson County, KY-IN",United States,USM38,"Louisville, KY (US)",USA_LUI,NA,Louisville
Luanda,NA,Angola,Luanda,Angola,AGO001,Luanda (AO),AGO_LAD,NA,Luanda
Lublin,NA,Poland,Lublin - Metro,Poland,PL009C,NA,NA,NA,Lublin
Lucknow,NA,India,Lucknow,India,IND069,NA,NA,NA,Lucknow
Ludhiana,NA,India,Ludhiana,India,IND051,NA,NA,NA,Ludhiana
"Luoyang, Henan",NA,China,"Luoyang, Henan",China,CHNG3,NA,NA,NA,"Luoyang, Henan"
Lusaka,NA,Zambia,Lusaka,Zambia,ZMB001,NA,NA,NA,Lusaka
Luxembourg,NA,Luxembourg,Luxembourg - Metro,Luxembourg,LU001C,NA,NA,NA,Luxembourg
Luxor,NA,Egypt,Luxor,Egypt,EGY007,NA,NA,NA,Luxor
Lvov,NA,Ukraine,Lvov,Ukraine,UR_07,NA,NA,NA,Lvov
Lyon,NA,France,Lyon - Metro,France,FR003C,Lyon (FR),FRA_LIO,NA,Lyon
"Maanshan, Anhui",NA,China,"Maanshan, Anhui",China,CHNC5,NA,NA,NA,"Maanshan, Anhui"
"Macao, China",NA,China,"Macao, China",China,MAC,"Macao, China (MO)",MAC_TOT,NA,"Macao, China"
Maceió RM,NA,Brazil,Maceió RM,Brazil,BRA21,NA,NA,NA,Maceió RM
"Madison, WI",NA,United States,"Madison, WI",United States,USM88,NA,NA,NA,"Madison, WI"
Madrid,madrd,Spain,Madrid - Metro,Spain,ES001C,Madrid (ES),ESP_MAD,NA,Madrid
Madurai,NA,India,Madurai,India,IND058,NA,NA,NA,Madurai
Mahalla el-Kubra,NA,Egypt,Mahalla el-Kubra,Egypt,EGY005,NA,NA,NA,Mahalla el-Kubra
Maiduguri,NA,Nigeria,Maiduguri,Nigeria,NGA011,NA,NA,NA,Maiduguri
Mainz,NA,Germany,Mainz - Metro,Germany,DE037C,NA,NA,NA,Mainz
Makassar,NA,Indonesia,Makassar,Indonesia,IDNOQC,NA,NA,NA,Makassar
Makhachkala,NA,Russian Federation,Makhachkala,Russia,RU_26,NA,NA,NA,Makhachkala
Malabo,NA,Equatorial Guinea,Malabo,Equatorial Guinea,GNQ001,NA,NA,NA,Malabo
Malacca,NA,Malaysia,Malacca,Malaysia,MYS5C,Malacca (MY),MYS_MKZ,NA,Malacca
Malaga,NA,Spain,Malaga - Metro,Spain,ES006C,NA,NA,NA,Malaga
Málaga,NA,Spain,NA,NA,NA,Málaga (ES),ESP_AGP,NA,Málaga
Malatya,NA,Turkey,Malatya - Metro,Turkey,TR_17,NA,NA,NA,Malatya
Male,NA,Maldives,Male,Maldives,MDV001,NA,NA,NA,Male
Malmo,NA,Sweden,Malmo - Metro,Sweden,SE003C,NA,NA,NA,Malmo
Managua,NA,Nicaragua,Managua,Nicaragua,NIC001,NA,NA,NA,Managua
Manama,NA,Bahrain,Manama,Bahrain,BHR001,NA,NA,NA,Manama
Manaus RM,NA,Brazil,Manaus RM,Brazil,BRA41,Manaus (BR),BRA_MAO,NA,Manaus RM
Manchester,mnchs,United Kingdom,Manchester - Metro,United Kingdom,UK008C,Manchester (UK),GBR_MNC,NA,Manchester
Mandalay,NA,Myanmar,Mandalay,Myanmar,MMR001,NA,NA,NA,Mandalay
Mangalore,NA,India,Mangalore,India,IND027,NA,NA,NA,Mangalore
Manila,NA,Philippines,Manila,Philippines,PHL1,Manila (PH),PHL_MNL,NA,Manila
Mannheim-Ludwigshafen,NA,Germany,Mannheim-Ludwigshafen - Metro,Germany,DE084C,NA,NA,NA,Mannheim-Ludwigshafen
"Maoming, Guangdong",NA,China,"Maoming, Guangdong",China,CHNJ9,NA,NA,NA,"Maoming, Guangdong"
Maputo,NA,Mozambique,Maputo,Mozambique,MOZ001,NA,NA,NA,Maputo
Maracaibo,NA,Venezuela,Maracaibo,Venezuela,VEN3C,NA,NA,NA,Maracaibo
Maracay,NA,Venezuela,Maracay,Venezuela,VEN5C,NA,NA,NA,Maracay
Marrakech,NA,Morocco,Marrakech,Morocco,MAR004,Marrakech (MA),MAR_RAK,NA,Marrakech
Marseille,NA,France,Marseille - Metro,France,FR203C,Marseille (FR),FRA_MRS,NA,Marseille
Maseru,NA,Lesotho,Maseru,Lesotho,LSO001,NA,NA,NA,Maseru
Mashhad,NA,Iran,Mashhad,Iran,IRN006,NA,NA,NA,Mashhad
Matamoros,NA,Mexico,Matamoros,Mexico,MEXSC3,NA,NA,NA,Matamoros
Matsuyama,NA,Japan,Matsuyama MA,Japan,JPN_13,NA,NA,NA,Matsuyama
Mbabane,NA,Eswatini,Mbabane,Eswatini,SWZ001,NA,NA,NA,Mbabane
Mecca,NA,Saudi Arabia,Mecca,Saudi Arabia,SAU006,Mecca (SA),SAU_MAK,NA,Mecca
Medan,NA,Indonesia,Medan,Indonesia,IDN2C,Medan (ID),IDN_MES,NA,Medan
Medellín,NA,Colombia,Medellín,Colombia,COL1C,Medellín (CO),COL_MDE,NA,Medellín
Medina,NA,Saudi Arabia,Medina,Saudi Arabia,SAU002,Medina (SA),SAU_MED,NA,Medina
Meerut,NA,India,Meerut,India,IND070,NA,NA,NA,Meerut
Meknès,NA,Morocco,Meknès,Morocco,MAR007,NA,NA,NA,Meknès
Melbourne,NA,Australia,Melbourne,Australia,AUS_02,Melbourne (AU),AUS_MEL,NA,Melbourne
Memphis,NA,United States,"Memphis, TN-MS-AR",United States,USM39,"Memphis, TN (US)",USA_MEM,NA,Memphis
Mendoza,NA,Argentina,Mendoza,Argentina,ARGDC,NA,NA,NA,Mendoza
Mérida,NA,Mexico,Mérida,Mexico,MEXVC,NA,NA,NA,Mérida
Mexicali,NA,Mexico,Mexicali,Mexico,MEX5C2,NA,NA,NA,Mexicali
Mexico City,NA,Mexico,Mexico City,Mexico,MEX1C,Mexico City (MX),MEX_MEX,NA,Mexico City
Miami,mimfl,United States,"Miami-Fort Lauderdale-West Palm Beach, FL",United States,USM11,"Miami, FL (US)",USA_MIA,NA,Miami
"Mianyang, Sichuan",NA,China,"Mianyang, Sichuan",China,CHNN6,NA,NA,NA,"Mianyang, Sichuan"
Milan,milan,Italy,Milan - Metro,Italy,IT002C,Milan (IT),ITA_MIL,NA,Milan
Milwaukee,NA,United States,"Milwaukee-Waukesha-West Allis, WI",United States,USM40,"Milwaukee, WI (US)",USA_MKE,NA,Milwaukee
Minneapolis,mnnmn,United States,"Minneapolis-St. Paul-Bloomington, MN-WI",United States,USM12,"Minneapolis, MN (US)",USA_MES,NA,Minneapolis
Minsk,NA,Belarus,Minsk,Belarus,BLR002,NA,NA,NA,Minsk
Miyagi,NA,Japan,NA,NA,NA,Miyagi (JP),JPN_SDJ,NA,Miyagi
Mombasa,NA,Kenya,Mombasa,Kenya,KEN002,NA,NA,NA,Mombasa
Monrovia,NA,Liberia,Monrovia,Liberia,LBR001,NA,NA,NA,Monrovia
Monterrey,NA,Mexico,Monterrey,Mexico,MEX3C,Monterrey (MX),MEX_TTE,NA,Monterrey
Montevideo,NA,Uruguay,Montevideo,Uruguay,URY001,Montevideo (UY),URY_MVD,NA,Montevideo
Montpellier,NA,France,Montpellier - Metro,France,FR010C,NA,NA,NA,Montpellier
Montreal,moncn,Canada,Montréal,Canada,CANI_1,Montreal (CA),CAN_MRE,NA,Montreal
Moradabad,NA,India,Moradabad,India,IND071,NA,NA,NA,Moradabad
Morelia,NA,Mexico,Morelia,Mexico,MEXIC,NA,NA,NA,Morelia
Moscow,moscw,Russian Federation,Moscow,Russia,RU_01,Moscow (RU),RUS_MOW,NA,Moscow
Muenster,NA,Germany,Muenster - Metro,Germany,DE504C,NA,NA,NA,Muenster
Multan,NA,Pakistan,Multan,Pakistan,PAK007,NA,NA,NA,Multan
Mumbai,NA,India,Mumbai,India,IND039,Mumbai (IN),IND_BOM,NA,Mumbai
Munich,munch,Germany,Munich - Metro,Germany,DE003C,Munich (DE),DEU_MUC,NA,Munich
Murcia,NA,Spain,Murcia - Metro,Spain,ES007C,Murcia (ES),ESP_MJV,NA,Murcia
Muscat,NA,Oman,Muscat,Oman,OMN001,Muscat (OM),OMN_MCT,NA,Muscat
Mwanza,NA,Tanzania,Mwanza,Tanzania,TZA004,NA,NA,NA,Mwanza
Mykolaiv,NA,Ukraine,Mykolaiv,Ukraine,UR_08,NA,NA,NA,Mykolaiv
Mysore,NA,India,Mysore,India,IND028,NA,NA,NA,Mysore
Nagoya (Chukyo MMA),NA,Japan,Nagoya (Chukyo MMA),Japan,JPN_03,NA,NA,NA,Nagoya (Chukyo MMA)
Nagpur,NA,India,Nagpur,India,IND040,NA,NA,NA,Nagpur
Nairobi,NA,Kenya,Nairobi,Kenya,KEN001,Nairobi (KE),KEN_NBO,NA,Nairobi
"Nanchang, Jiangxi",NA,China,"Nanchang, Jiangxi",China,CHNE1,NA,NA,NA,"Nanchang, Jiangxi"
"Nanchong, Sichuan",NA,China,"Nanchong, Sichuan",China,CHNNB,NA,NA,NA,"Nanchong, Sichuan"
Nancy,NA,France,Nancy - Metro,France,FR016C,NA,NA,NA,Nancy
"Nanjing, Jiangsu",NA,China,"Nanjing, Jiangsu",China,CHNA1,"Nanjing, Jiangsu (CN)",CHN_NJP,NA,"Nanjing, Jiangsu"
"Nanning, Guangxi",NA,China,"Nanning, Guangxi",China,CHNK1,NA,NA,NA,"Nanning, Guangxi"
Nantes,NA,France,Nantes - Metro,France,FR008C,NA,NA,NA,Nantes
"Nantong, Jiangsu",NA,China,"Nantong, Jiangsu",China,CHNA6,NA,NA,NA,"Nantong, Jiangsu"
"Nanyang, Henan",NA,China,"Nanyang, Henan",China,CHNGD,NA,NA,NA,"Nanyang, Henan"
Naples,NA,Italy,Naples - Metro,Italy,IT003C,Naples (IT),ITA_NAP,NA,Naples
Nashik,NA,India,Nashik,India,IND041,NA,NA,NA,Nashik
Nashville,nshtn,United States,"Nashville-Davidson--Murfreesboro--Franklin, TN",United States,USM41,"Nashville, TN (US)",USA_BNA,NA,Nashville
Nassau,NA,Bahamas,Nassau,Bahamas,BHS001,NA,NA,NA,Nassau
Natal RM,NA,Brazil,Natal RM,Brazil,BRAK1,Natal (BR),BRA_NAT,NA,Natal RM
Nay Pyi Taw,NA,Myanmar,Nay Pyi Taw,Myanmar,MMR002,NA,NA,NA,Nay Pyi Taw
N'Djaména,NA,Chad,N'Djaména,Chad,TCD001,NA,NA,NA,N'Djaména
Ndola,NA,Zambia,Ndola,Zambia,ZMB003,NA,NA,NA,Ndola
Nelspruit,NA,South Africa,Nelspruit,South Africa,ZAF008,NA,NA,NA,Nelspruit
"New Haven-Milford, CT",NA,United States,"New Haven-Milford, CT",United States,USM82,NA,NA,NA,"New Haven-Milford, CT"
New Orleans,nwola,United States,"New Orleans-Metairie, LA",United States,USM42,"New Orleans, LA (US)",USA_MSY,NA,New Orleans
New York,nwyny,United States,"New York-Newark-Jersey City, NY-NJ-PA",United States,USM13,"New York, NY (US)",USA_NYC,NA,New York
Newcastle upon Tyne,NA,United Kingdom,Newcastle upon Tyne - Metro,United Kingdom,UK013C,Newcastle upon Tyne (UK),GBR_NCL,NA,Newcastle upon Tyne
Niamey,NA,Niger,Niamey,Niger,NER001,NA,NA,NA,Niamey
Nice,NA,France,Nice - Metro,France,FR205C,Nice-Cannes (FR),FRA_NCE,NA,Nice
Nicosia,NA,Cyprus,Nicosia - Metro,Cyprus,CY001C,NA,NA,NA,Nicosia
Niigata MA,NA,Japan,Niigata MMA,Japan,JPN_10,Niigata (JP),JPN_KIJ,NA,Niigata MA
"Ningbo, Zhejiang",NA,China,"Ningbo, Zhejiang",China,CHNB2,"Ningbo, Zhejiang (CN)",CHN_NBP,NA,"Ningbo, Zhejiang"
Nizhniy Novgorod,NA,Russian Federation,Nizhniy Novgorod,Russia,RU_05,NA,NA,NA,Nizhniy Novgorod
Norfolk,NA,United States,"Virginia Beach-Norfolk-Newport News, VA-NC",United States,USM50,NA,NA,NA,Norfolk
Norte/Nordeste Catarinense RM,NA,Brazil,Norte/Nordeste Catarinense RM,Brazil,BRAO2,NA,NA,NA,Norte/Nordeste Catarinense RM
"North Port-Sarasota-Bradenton, FL",NA,United States,"North Port-Sarasota-Bradenton, FL",United States,USM86,NA,NA,NA,"North Port-Sarasota-Bradenton, FL"
Northampton,NA,United Kingdom,Northampton - Metro,United Kingdom,UK528C,NA,NA,NA,Northampton
Nottingham,NA,United Kingdom,Nottingham - Metro,United Kingdom,UK029C,Nottingham (UK),GBR_NTG,NA,Nottingham
Nouakchott,NA,Mauritania,Nouakchott,Mauritania,MRT001,NA,NA,NA,Nouakchott
Novokuznetsk,NA,Russian Federation,Novokuznetsk,Russia,RU_27,NA,NA,NA,Novokuznetsk
Novosibirsk,NA,Russian Federation,Novosibirsk,Russia,RU_03,NA,NA,NA,Novosibirsk
Nuremberg,NA,Germany,Nuremberg - Metro,Germany,DE014C,Nuremberg (DE),DEU_NUE,NA,Nuremberg
Oahu,NA,United States,"Urban Honolulu, HI",United States,USM35,NA,NA,NA,Oahu
Oaxaca,NA,Mexico,Oaxaca,Mexico,MEXLC,NA,NA,NA,Oaxaca
Odesa,NA,Ukraine,Odesa,Ukraine,UR_03,NA,NA,NA,Odesa
Ogbomosho,NA,Nigeria,Ogbomosho,Nigeria,NGA008,NA,NA,NA,Ogbomosho
Okayama MA,NA,Japan,Okayama MMA,Japan,JPN_08,Okayama (JP),JPN_OKJ,NA,Okayama MA
Oklahoma City,NA,United States,"Oklahoma City, OK",United States,USM43,"Oklahoma City, OK (US)",USA_OKC,NA,Oklahoma City
"Omaha-Council Bluffs, NE-IA",NA,United States,"Omaha-Council Bluffs, NE-IA",United States,USM81,NA,NA,NA,"Omaha-Council Bluffs, NE-IA"
Omsk,NA,Russian Federation,Omsk,Russia,RU_07,NA,NA,NA,Omsk
Onitsha,NA,Nigeria,Onitsha,Nigeria,NGA009,NA,NA,NA,Onitsha
Oran,NA,Algeria,Oran,Algeria,DZA002,NA,NA,NA,Oran
Orenburg,NA,Russian Federation,Orenburg,Russia,RU_28,NA,NA,NA,Orenburg
Orlando,orlfl,United States,"Orlando-Kissimmee-Sanford, FL",United States,USM27,"Orlando, FL (US)",USA_ORL,NA,Orlando
Orleans,NA,France,Orleans - Metro,France,FR019C,NA,NA,NA,Orleans
Orumiyeh,NA,Iran,Orumiyeh,Iran,IRN007,NA,NA,NA,Orumiyeh
Osaka-Kyoto,NA,Japan,Osaka-Kyoto (Keihanshin MMA),Japan,JPN_02,Osaka (JP),JPN_OSA,NA,Osaka-Kyoto
Oslo,NA,Norway,Oslo - Metro,Norway,NO001C,Oslo (NO),NOR_OSL,NA,Oslo
Ostrava,NA,Czechia,Ostrava - Metro,Czech Republic,CZ003C,NA,NA,NA,Ostrava
Ottawa-Gatineau,NA,Canada,Ottawa-Gatineau,Canada,CANH_2,Ottawa-Gatineau (CA),CAN_OTT,NA,Ottawa-Gatineau
Ouagadougou,NA,Burkina Faso,Ouagadougou,Burkina Faso,BFA001,NA,NA,NA,Ouagadougou
Oxford,NA,United Kingdom,Oxford - Metro,United Kingdom,UK560C,NA,NA,NA,Oxford
"Oxnard-Thousand Oaks-Ventura, CA",NA,United States,"Oxnard-Thousand Oaks-Ventura, CA",United States,USM59,NA,NA,NA,"Oxnard-Thousand Oaks-Ventura, CA"
Padang,NA,Indonesia,Padang,Indonesia,IDN3C,NA,NA,NA,Padang
Padua,NA,Italy,Padua - Metro,Italy,IT028C,NA,NA,NA,Padua
Palembang,NA,Indonesia,Palembang,Indonesia,IDN7C,NA,NA,NA,Palembang
Palermo,NA,Italy,Palermo - Metro,Italy,IT005C,Palermo (IT),ITA_PMO,NA,Palermo
Palma de Mallorca,NA,Spain,Palma de Mallorca - Metro,Spain,ES010C,NA,NA,NA,Palma de Mallorca
Panama City,NA,Panama,Panama City,Panama,PAN001,Panama City (PA),PAN_PTY,NA,Panama City
Paramaribo,NA,Suriname,Paramaribo,Suriname,SUR001,NA,NA,NA,Paramaribo
Paris,paris,France,Paris - Metro,France,FR001C,Paris (FR),FRA_PAR,NA,Paris
Patna,NA,India,Patna,India,IND007,NA,NA,NA,Patna
Pekan Baru,NA,Indonesia,Pekan Baru,Indonesia,IDN45C,NA,NA,NA,Pekan Baru
Penza,NA,Russian Federation,Penza,Russia,RU_32,NA,NA,NA,Penza
Perm,NA,Russian Federation,Perm,Russia,RU_13,NA,NA,NA,Perm
Perth,NA,Australia,Perth,Australia,AUS_04,Perth (AU),AUS_PER,NA,Perth
Peshawar,NA,Pakistan,Peshawar,Pakistan,PAK008,NA,NA,NA,Peshawar
Philadelphia,phlpa,United States,"Philadelphia-Camden-Wilmington, PA-NJ-DE-MD",United States,USM14,"Philadelphia, PA (US)",USA_PHL,NA,Philadelphia
Phnom Penh,NA,Cambodia,Phnom Penh,Cambodia,KHM001,Phnom Penh (KH),KHM_PNH,NA,Phnom Penh
Phoenix,phnaz,United States,"Phoenix-Mesa-Scottsdale, AZ",United States,USM15,"Phoenix, AZ (US)",USA_PHX,NA,Phoenix
"Pingdingshan, Henan",NA,China,"Pingdingshan, Henan",China,CHNG4,NA,NA,NA,"Pingdingshan, Henan"
Pittsburgh,NA,United States,"Pittsburgh, PA",United States,USM16,"Pittsburgh, PA (US)",USA_PIT,NA,Pittsburgh
Plovdiv,NA,Bulgaria,Plovdiv - Metro,Bulgaria,BG002C,NA,NA,NA,Plovdiv
Podgorica,NA,Montenegro,Podgorica,Montenegro,MNE001,NA,NA,NA,Podgorica
Pointe-Noire,NA,"Congo, Rep.",Pointe-Noire,Congo,COG002,NA,NA,NA,Pointe-Noire
Polokwane,NA,South Africa,Polokwane,South Africa,ZAF009,NA,NA,NA,Polokwane
Pondicherry,NA,India,Pondicherry,India,IND048,NA,NA,NA,Pondicherry
Pontianak,NA,Indonesia,Pontianak,Indonesia,IDNIC,NA,NA,NA,Pontianak
Port Elizabeth,NA,South Africa,Port Elizabeth,South Africa,ZAF007,NA,NA,NA,Port Elizabeth
Port Harcourt,NA,Nigeria,Port Harcourt,Nigeria,NGA005,NA,NA,NA,Port Harcourt
Port Louis,NA,Mauritius,Port Louis,Mauritius,MUS001,NA,NA,NA,Port Louis
Port Moresby,NA,Papua New Guinea,Port Moresby,Papua New Guinea,PNG001,NA,NA,NA,Port Moresby
Port Said,NA,Egypt,Port Said,Egypt,EGY003,NA,NA,NA,Port Said
Port-Au-Prince,NA,Haiti,Port-Au-Prince,Haiti,HTI001,NA,NA,NA,Port-Au-Prince
"Portland, OR",NA,United States,"Portland-Vancouver-Hillsboro, OR-WA",United States,USM17,"Portland, OR (US)",USA_PDX,NA,"Portland, OR"
Porto,NA,Portugal,Porto - Metro,Portugal,PT002C,Porto (PT),PRT_OPO,NA,Porto
Pôrto Alegre RM,NA,Brazil,Pôrto Alegre RM,Brazil,BRAL5,Pôrto Alegre (BR),BRA_POA,NA,Pôrto Alegre RM
Portsmouth,NA,United Kingdom,Portsmouth - Metro,United Kingdom,UK023C,Portsmouth-Southampton (UK),GBR_PME,NA,Portsmouth
Poznan,NA,Poland,Poznan - Metro,Poland,PL005C,NA,NA,NA,Poznan
Prague,pragu,Czechia,Prague - Metro,Czech Republic,CZ001C,Prague (CZ),CZE_PRG,NA,Prague
Praia,NA,Cabo Verde,Praia,Cape Verde,CPV001,NA,NA,NA,Praia
Pretoria,NA,South Africa,Pretoria,South Africa,ZAF005,NA,NA,NA,Pretoria
Providence,NA,United States,"Providence-Warwick, RI-MA",United States,USM44,"Providence, RI (US)",USA_PVD,NA,Providence
Puebla,NA,Mexico,Puebla,Mexico,MEX6C,NA,NA,NA,Puebla
Pune,NA,India,Pune,India,IND043,Pune (IN),IND_PNQ,NA,Pune
"Puyang, Henan",NA,China,"Puyang, Henan",China,CHNG9,NA,NA,NA,"Puyang, Henan"
"Qingdao, Shandong",NA,China,"Qingdao, Shandong",China,CHNF2,"Qingdao, Shandong (CN)",CHN_QDP,NA,"Qingdao, Shandong"
"Qingyuan, Guangdong",NA,China,"Qingyuan, Guangdong",China,CHNJG,NA,NA,NA,"Qingyuan, Guangdong"
"Qinhuangdao, Hebei",NA,China,"Qinhuangdao, Hebei",China,CHN33,NA,NA,NA,"Qinhuangdao, Hebei"
"Qiqihar, Heilongjiang",NA,China,"Qiqihar, Heilongjiang",China,CHN82,NA,NA,NA,"Qiqihar, Heilongjiang"
Qom,NA,Iran,Qom,Iran,IRN008,NA,NA,NA,Qom
"Quanzhou, Fujian",NA,China,"Quanzhou, Fujian",China,CHND5,NA,NA,NA,"Quanzhou, Fujian"
Québec,NA,Canada,Québec,Canada,CANI_2,Québec (CA),CAN_QUE,NA,Québec
Querétaro,NA,Mexico,Querétaro,Mexico,MEXMC,NA,NA,NA,Querétaro
Quetta,NA,Pakistan,Quetta,Pakistan,PAK009,NA,NA,NA,Quetta
Quito,NA,Ecuador,Quito,Ecuador,ECU002,Quito (EC),ECU_UIO,NA,Quito
"Qujing, Yunnan",NA,China,"Qujing, Yunnan",China,CHNP2,NA,NA,NA,"Qujing, Yunnan"
Rabat,NA,Morocco,Rabat,Morocco,MAR002,NA,NA,NA,Rabat
Raipur,NA,India,Raipur,India,IND010,NA,NA,NA,Raipur
Rajkot,NA,India,Rajkot,India,IND014,NA,NA,NA,Rajkot
Rajshahi,NA,Bangladesh,Rajshahi,Bangladesh,BGD004,NA,NA,NA,Rajshahi
"Raleigh, NC",NA,United States,"Raleigh, NC",United States,USM55,NA,NA,NA,"Raleigh, NC"
Ranchi,NA,India,Ranchi,India,IND023,NA,NA,NA,Ranchi
Rasht,NA,Iran,Rasht,Iran,IRN009,NA,NA,NA,Rasht
Rawalpindi,NA,Pakistan,Rawalpindi,Pakistan,PAK010,NA,NA,NA,Rawalpindi
Recife RM,NA,Brazil,Recife RM,Brazil,BRAH5,Recife (BR),BRA_REC,NA,Recife RM
Rennes,NA,France,Rennes - Metro,France,FR013C,NA,NA,NA,Rennes
Reykjavik,NA,Iceland,Reykjavik,Iceland,ISL001,NA,NA,NA,Reykjavik
Reynosa,NA,Mexico,Reynosa,Mexico,MEXSC2,NA,NA,NA,Reynosa
Ribeirao Prêto,NA,Brazil,Ribeirao Prêto,Brazil,BRAP3,NA,NA,NA,Ribeirao Prêto
Richmond,NA,United States,"Richmond, VA",United States,USM45,"Richmond, VA (US)",USA_RIC,NA,Richmond
Riga,NA,Latvia,Riga - Metro,Latvia,LV001C,Riga (LV),LVA_RIX,NA,Riga
Rio De Janeiro RM,NA,Brazil,Rio De Janeiro RM,Brazil,BRAJ6,Rio De Janeiro (BR),BRA_RIO,NA,Rio De Janeiro RM
Riverside,NA,United States,"Riverside-San Bernardino-Ontario, CA",United States,USM18,"Riverside, CA (US)",USA_RAL,NA,Riverside
Riyadh,NA,Saudi Arabia,Riyadh,Saudi Arabia,SAU003,Riyadh (SA),SAU_RUH,NA,Riyadh
"Rizhao, Shandong",NA,China,"Rizhao, Shandong",China,CHNFB,NA,NA,NA,"Rizhao, Shandong"
"Rochester, NY",NA,United States,"Rochester, NY",United States,USM78,NA,NA,NA,"Rochester, NY"
Rome,romex,Italy,Rome - Metro,Italy,IT001C,Rome (IT),ITA_ROM,NA,Rome
Rosario,NA,Argentina,Rosario,Argentina,ARGLC,NA,NA,NA,Rosario
Rostov-on-Don,NA,Russian Federation,Rostov-on-Don,Russia,RU_10,NA,NA,NA,Rostov-on-Don
Rotterdam,NA,Netherlands,Rotterdam - Metro,Netherlands,NL003C,Rotterdam (NL),NLD_RTM,NA,Rotterdam
Rouen,NA,France,Rouen - Metro,France,FR215C,NA,NA,NA,Rouen
Ruhr,NA,Germany,Ruhr - Metro,Germany,DE038C,NA,NA,NA,Ruhr
Ryazan,NA,Russian Federation,Ryazan,Russia,RU_29,NA,NA,NA,Ryazan
Sacramento,NA,United States,"Sacramento--Roseville--Arden-Arcade, CA",United States,USM46,"Sacramento, CA (US)",USA_SAC,NA,Sacramento
Saint-Etienne,NA,France,Saint-Etienne - Metro,France,FR011C,NA,NA,NA,Saint-Etienne
Salem,NA,India,Salem,India,IND059,NA,NA,NA,Salem
Salt Lake City,NA,United States,"Salt Lake City, UT",United States,USM47,"Salt Lake City, UT (US)",USA_SLC,NA,Salt Lake City
Salta,NA,Argentina,Salta,Argentina,ARGHC,NA,NA,NA,Salta
Saltillo,NA,Mexico,Saltillo,Mexico,MEXBC,NA,NA,NA,Saltillo
Salvador RM,NA,Brazil,Salvador RM,Brazil,BRA55,Salvador (BR),BRA_SSA,NA,Salvador RM
Samara,NA,Russian Federation,Samara,Russia,RU_06,NA,NA,NA,Samara
Samarinda,NA,Indonesia,Samarinda,Indonesia,IDNLC,NA,NA,NA,Samarinda
Samsun,NA,Turkey,Samsun - Metro,Turkey,TR_11,NA,NA,NA,Samsun
San Antonio,NA,United States,"San Antonio-New Braunfels, TX",United States,USM48,"San Antonio, TX (US)",USA_SAT,NA,San Antonio
San Diego,sndca,United States,"San Diego-Carlsbad, CA",United States,USM19,"San Diego, CA (US)",USA_SAN,NA,San Diego
San Francisco,snfca,United States,"San Francisco-Oakland-Hayward, CA",United States,USM20,"San Francisco, CA (US)",USA_SFO,NA,San Francisco
San José,NA,Costa Rica,San José,Costa Rica,CRI001,San José (CR),CRI_SJO,NA,San José
San Jose del Monte,NA,Philippines,San Jose del Monte,Philippines,PHL5C,NA,NA,NA,San Jose del Monte
"San Jose, CA",NA,United States,"San Jose-Sunnyvale-Santa Clara, CA",United States,USM21,"San Jose, CA (US)",USA_SJC,NA,"San Jose, CA"
San Juan,NA,Puerto Rico,San Juan,Puerto Rico,PRI1,NA,NA,NA,San Juan
San Luis Potosí,NA,Mexico,San Luis Potosí,Mexico,MEXOC,NA,NA,NA,San Luis Potosí
San Miguel De Tucumán,NA,Argentina,San Miguel De Tucumán,Argentina,ARGOC,NA,NA,NA,San Miguel De Tucumán
San Salvador,NA,El Salvador,San Salvador,El Salvador,SLV001,NA,NA,NA,San Salvador
Santa Cruz,NA,Bolivia,Santa Cruz,Bolivia,BOL003,NA,NA,NA,Santa Cruz
Santa Cruz de Tenerife,NA,Spain,Santa Cruz de Tenerife - Metro,Spain,ES025C,NA,NA,NA,Santa Cruz de Tenerife
Santiago,NA,Chile,Santiago,Chile,CHLD,NA,NA,NA,Santiago
Santiago,NA,Chile,NA,NA,NA,Santiago (CL),CHL_SCL,NA,Santiago
Santo Domingo,NA,Dominican Republic,Santo Domingo,Dominican Republic,DOM002,NA,NA,NA,Santo Domingo
Sao José dos Campos,NA,Brazil,Sao José dos Campos,Brazil,BRAP4,NA,NA,NA,Sao José dos Campos
Sao Paulo,saopl,Brazil,São Paulo RM,Brazil,BRAPF,Sao Paulo (BR),BRA_SAO,NA,Sao Paulo
Sapporo MMA,NA,Japan,Sapporo MMA,Japan,JPN_06,NA,NA,NA,Sapporo MMA
Saragossa,NA,Spain,Saragossa - Metro,Spain,ES005C,Zaragoza (ES),ESP_ZAZ,"Zaragoza, also called Saragossa",Saragossa
Sarajevo,NA,Bosnia and Herzegovina,Sarajevo,Bosnia and Herzegovina,BIH001,NA,NA,NA,Sarajevo
Saratov,NA,Russian Federation,Saratov,Russia,RU_16,NA,NA,NA,Saratov
Seattle,sttwa,United States,"Seattle-Tacoma-Bellevue, WA",United States,USM22,"Seattle, WA (US)",USA_SEA,NA,Seattle
Semarang,NA,Indonesia,Semarang,Indonesia,IDNEC,NA,NA,NA,Semarang
Sendai MMA,NA,Japan,Sendai MMA,Japan,JPN_05,NA,NA,NA,Sendai MMA
Seoul,NA,South Korea,Seoul,South Korea,KOR1,Seoul (KR),KOR_SEL,NA,Seoul
Seremban,NA,Malaysia,Seremban,Malaysia,MYS4C,NA,NA,NA,Seremban
Seville,NA,Spain,Seville - Metro,Spain,ES004C,Sevilla (ES),ESP_SVQ,NA,Seville
Sfax,NA,Tunisia,Sfax,Tunisia,TUN002,NA,NA,NA,Sfax
Shanghai,NA,China,Shanghai,China,CHN9,Shanghai (CN),CHN_SHA,NA,Shanghai
"Shangqiu, Henan",NA,China,"Shangqiu, Henan",China,CHNGE,NA,NA,NA,"Shangqiu, Henan"
"Shangrao, Jiangxi",NA,China,"Shangrao, Jiangxi",China,CHNEB,NA,NA,NA,"Shangrao, Jiangxi"
"Shantou, Guangdong",NA,China,"Shantou, Guangdong",China,CHNJ5,NA,NA,NA,"Shantou, Guangdong"
"Shaoxing, Zhejiang",NA,China,"Shaoxing, Zhejiang",China,CHNB6,NA,NA,NA,"Shaoxing, Zhejiang"
"Shaoyang, Hunan",NA,China,"Shaoyang, Hunan",China,CHNI5,NA,NA,NA,"Shaoyang, Hunan"
Sharjah,NA,United Arab Emirates,NA,NA,NA,Sharjah (AE),ARE_SHJ,NA,Sharjah
Sheffield,NA,United Kingdom,Sheffield - Metro,United Kingdom,UK010C,Sheffield (UK),GBR_SHE,NA,Sheffield
"Shenyang, Liaoning",NA,China,"Shenyang, Liaoning",China,CHN61,"Shenyang, Liaoning (CN)",CHN_SHE,NA,"Shenyang, Liaoning"
Shenzhen,NA,China,Shenzhen,China,CHNJ3,Shenzhen (CN),CHN_SZX,NA,Shenzhen
"Shijiazhuang, Hebei",NA,China,"Shijiazhuang, Hebei",China,CHN31,"Shijiazhuang, Hebei (CN)",CHN_SJW,NA,"Shijiazhuang, Hebei"
Shiraz,NA,Iran,Shiraz,Iran,IRN010,NA,NA,NA,Shiraz
Shizuoka MMA,NA,Japan,Shizuoka-Hamamatsu MMA,Japan,JPN_09,Shizuoka (JP),JPN_SHO,NA,Shizuoka MMA
Singapore,sngpr,Singapore,Singapore,Singapore,SGP,Singapore (SG),SGP_TOT,NA,Singapore
Skopje,NA,North Macedonia,Skopje,North Macedonia,MKD001,NA,NA,NA,Skopje
Sofia,NA,Bulgaria,Sofia - Metro,Bulgaria,BG001C,Sofia (BG),BGR_SOF,NA,Sofia
Solapur,NA,India,Solapur,India,IND044,NA,NA,NA,Solapur
Sorocaba,NA,Brazil,Sorocaba,Brazil,BRAP5,NA,NA,NA,Sorocaba
Sousse,NA,Tunisia,Sousse,Tunisia,TUN003,NA,NA,NA,Sousse
Southampton,NA,United Kingdom,Southampton - Metro,United Kingdom,UK520C,NA,NA,NA,Southampton
Srinagar,NA,India,Srinagar,India,IND019,NA,NA,NA,Srinagar
St Petersburg,NA,Russian Federation,St Petersburg,Russia,RU_02,St Petersburg (RU),RUS_LED,NA,St Petersburg
St. Louis,stlmo,United States,"St. Louis, MO-IL",United States,USM23,"St. Louis, MO (US)",USA_STL,NA,St. Louis
Stockholm,NA,Sweden,Stockholm - Metro,Sweden,SE001C,Stockholm (SE),SWE_STO,NA,Stockholm
"Stockton-Lodi, CA",NA,United States,"Stockton-Lodi, CA",United States,USM60,NA,NA,NA,"Stockton-Lodi, CA"
Strasbourg,NA,France,Strasbourg - Metro,France,FR006C,Strasbourg (FR),FRA_SXB,NA,Strasbourg
Stuttgart,stttg,Germany,Stuttgart - Metro,Germany,DE007C,Stuttgart (DE),DEU_STR,NA,Stuttgart
Suez,NA,Egypt,Suez,Egypt,EGY004,NA,NA,NA,Suez
"Suihua, Heilongjiang",NA,China,"Suihua, Heilongjiang",China,CHN8C,NA,NA,NA,"Suihua, Heilongjiang"
"Suqian, Jiangsu",NA,China,"Suqian, Jiangsu",China,CHNAD,NA,NA,NA,"Suqian, Jiangsu"
Surabaya,NA,Indonesia,Surabaya,Indonesia,IDNGC,Surabaya (ID),IDN_SUB,NA,Surabaya
Surat,NA,India,Surat,India,IND015,Surat (IN),IND_STV,NA,Surat
Suva,NA,Fiji,Suva,Fiji,FJI001,NA,NA,NA,Suva
"Suzhou, Anhui",NA,China,"Suzhou, Anhui",China,CHNCC,NA,NA,NA,"Suzhou, Anhui"
"Suzhou, Jiangsu",NA,China,"Suzhou, Jiangsu",China,CHNA5,"Suzhou, Jiangsu (CN)",CHN_SZH,NA,"Suzhou, Jiangsu"
Sydney,sydny,Australia,Sydney,Australia,AUS_01,Sydney (AU),AUS_SYD,NA,Sydney
"Syracuse, NY",NA,United States,"Syracuse, NY",United States,USM105,NA,NA,NA,"Syracuse, NY"
Szczecin,NA,Poland,Szczecin - Metro,Poland,PL007C,NA,NA,NA,Szczecin
Tabriz,NA,Iran,Tabriz,Iran,IRN011,NA,NA,NA,Tabriz
"Taian, Shandong",NA,China,"Taian, Shandong",China,CHNF9,NA,NA,NA,"Taian, Shandong"
Taichung,NA,Taiwan,Taichung,Taiwan,TAI21,Taichung (TW),TAW_TXG,NA,Taichung
Tainan,NA,Taiwan,Tainan,Taiwan,TAI33,Tainan (TW),TAW_TNN,NA,Tainan
Taipei,NA,Taiwan,Taipei,Taiwan,TAI11C,Taipei (TW),TAW_TPE,NA,Taipei
"Taiyuan, Shanxi",NA,China,"Taiyuan, Shanxi",China,CHN41,NA,NA,NA,"Taiyuan, Shanxi"
"Taizhou, Jiangsu",NA,China,"Taizhou, Jiangsu",China,CHNAC,NA,NA,NA,"Taizhou, Jiangsu"
"Taizhou, Zhejiang",NA,China,"Taizhou, Zhejiang",China,CHNBA,NA,NA,NA,"Taizhou, Zhejiang"
Tallinn,NA,Estonia,Tallinn - Metro,Estonia,EE001C,Tallin (EE),EST_TLL,NA,Tallinn
Tampa,tmpfl,United States,"Tampa-St. Petersburg-Clearwater, FL",United States,USM24,"Tampa-St. Pete., FL (US)",USA_TPA,NA,Tampa
Tampere,NA,Finland,Tampere - Metro,Finland,FI002C,NA,NA,NA,Tampere
Tampico,NA,Mexico,Tampico,Mexico,MEXSC,NA,NA,NA,Tampico
Tanger,NA,Morocco,Tangier,Morocco,MAR005,NA,NA,NA,Tanger
"Tangshan, Hebei",NA,China,"Tangshan, Hebei",China,CHN32,NA,NA,NA,"Tangshan, Hebei"
Taoyuan,NA,Taiwan,Taoyuan,Taiwan,TAI16,Taoyuan (TW),TAW_TYN,NA,Taoyuan
Tashkent,NA,Uzbekistan,Tashkent,Uzbekistan,UZB001,NA,NA,NA,Tashkent
Tbilisi,NA,Georgia,Tbilisi,Georgia,GEO001,NA,NA,NA,Tbilisi
Tegucigalpa,NA,Honduras,Tegucigalpa,Honduras,HND002,NA,NA,NA,Tegucigalpa
Tehran,NA,Iran,Tehran,Iran,IRN012,Tehran (IR),IRN_THR,NA,Tehran
Tel Aviv,NA,Israel,Tel Aviv,Israel,ISR003,Tel Aviv (IL),ISR_TLV,NA,Tel Aviv
Teresina,NA,Brazil,Teresina,Brazil,BRAI1,NA,NA,NA,Teresina
The Hague,NA,Netherlands,The Hague - Metro,Netherlands,NL001C,The Hague (NL),NLD_HA9,NA,The Hague
Thessaloniki,NA,Greece,Thessaloniki - Metro,Greece,EL002C,Thessaloniki (GR),GRC_SKG,NA,Thessaloniki
Thiruvananthapuram,NA,India,Thiruvananthapuram,India,IND032,NA,NA,NA,Thiruvananthapuram
Tianjin,NA,China,Tianjin,China,CHN2,Tianjin (CN),CHN_TSN,NA,Tianjin
Tijuana,NA,Mexico,Tijuana,Mexico,MEX5C,Tijuana (MX),MEX_TIJ,NA,Tijuana
Tirana,NA,Albania,Tirana,Albania,ALB001,NA,NA,NA,Tirana
Tiruchirappalli,NA,India,Tiruchirappalli,India,IND060,NA,NA,NA,Tiruchirappalli
Tiruppur,NA,India,Tiruppur,India,IND061,NA,NA,NA,Tiruppur
Tokyo,tokyo,Japan,Tokyo (Kanto MMA),Japan,JPN_01,Tokyo (JP),JPN_TYO,NA,Tokyo
"Toledo, OH",NA,United States,"Toledo, OH",United States,USM72,NA,NA,NA,"Toledo, OH"
Toluca,NA,Mexico,Toluca,Mexico,MEX4C,NA,NA,NA,Toluca
Tomsk,NA,Russian Federation,Tomsk,Russia,RU_30,NA,NA,NA,Tomsk
Toronto,torcn,Canada,Toronto,Canada,CANH_1,Toronto (CA),CAN_TOR,NA,Toronto
Toulon,NA,France,Toulon - Metro,France,FR032C,NA,NA,NA,Toulon
Toulouse,NA,France,Toulouse - Metro,France,FR004C,Toulouse (FR),FRA_TLS,NA,Toulouse
Tours,NA,France,Tours - Metro,France,FR035C,NA,NA,NA,Tours
Tripoli,NA,Libya,Tripoli,Libya,LBY001,NA,NA,NA,Tripoli
Trujillo,NA,Peru,Trujillo,Peru,PERDC,NA,NA,NA,Trujillo
Tucson,NA,United States,"Tucson, AZ",United States,USM49,"Tucson, AZ (US)",USA_TUZ,NA,Tucson
Tula,NA,Russian Federation,Tula,Russia,RU_34,NA,NA,NA,Tula
"Tulsa, OK",NA,United States,"Tulsa, OK",United States,USM73,NA,NA,NA,"Tulsa, OK"
Tunis,NA,Tunisia,Tunis,Tunisia,TUN001,Tunis (TN),TUN_TUN,NA,Tunis
Turin,NA,Italy,Turin - Metro,Italy,IT004C,Turin (IT),ITA_TRN,NA,Turin
Tuxtla Gutiérrez,NA,Mexico,Tuxtla Gutiérrez,Mexico,MEXDC,NA,NA,NA,Tuxtla Gutiérrez
Tyumen,NA,Russian Federation,Tyumen,Russia,RU_24,NA,NA,NA,Tyumen
Ufa,NA,Russian Federation,Ufa,Russia,RU_11,NA,NA,NA,Ufa
Ulaanbaatar,NA,Mongolia,Ulaanbaatar,Mongolia,MON001,NA,NA,NA,Ulaanbaatar
Ulsan,NA,South Korea,Ulsan,South Korea,KOR7,NA,NA,NA,Ulsan
Ulyanovsk,NA,Russian Federation,Ulyanovsk,Russia,RU_19,NA,NA,NA,Ulyanovsk
"Urumqi, Xinjiang",NA,China,"Urumqi, Xinjiang",China,CHNU1,NA,NA,NA,"Urumqi, Xinjiang"
Utrecht,NA,Netherlands,Utrecht - Metro,Netherlands,NL004C,NA,NA,NA,Utrecht
Utsunomiya MA,NA,Japan,Utsunomiya MA,Japan,JPN_14,NA,NA,NA,Utsunomiya MA
Vadodara,NA,India,Vadodara,India,IND016,NA,NA,NA,Vadodara
Valencia (Spain),NA,Spain,Valencia - Metro (Spain),Spain,ES003C,Valencia (ES),ESP_VLC,NA,Valencia (Spain)
Valencia (Venezuela),NA,Venezuela,Valencia (Venezuela),Venezuela,VEN4C,NA,NA,NA,Valencia (Venezuela)
Valladolid,NA,Spain,Valladolid - Metro,Spain,ES009C,NA,NA,NA,Valladolid
Valletta,NA,Malta,Valletta - Metro,Malta,MT001C,NA,NA,NA,Valletta
Valparaíso,NA,Chile,Valparaíso,Chile,CHL5C,NA,NA,NA,Valparaíso
Vancouver,vnccn,Canada,Vancouver,Canada,CANB_1,Vancouver (CA),CAN_VAN,NA,Vancouver
Varanasi,NA,India,Varanasi,India,IND072,NA,NA,NA,Varanasi
Varna,NA,Bulgaria,Varna - Metro,Bulgaria,BG003C,NA,NA,NA,Varna
Venice,NA,Italy,Venice - Metro,Italy,IT011C,Venice (IT),ITA_VCE,NA,Venice
Veracruz,NA,Mexico,Veracruz,Mexico,MEXUC,NA,NA,NA,Veracruz
Verona,NA,Italy,Verona - Metro,Italy,IT012C,NA,NA,NA,Verona
Vienna,vienn,Austria,Vienna - Metro,Austria,AT001C,Vienna (AT),AUT_VIE,NA,Vienna
Vientiane,NA,Lao People's Democratic Republic,Vientiane,Lao PDR,LAO001,NA,NA,NA,Vientiane
Vigo,NA,Spain,Vigo - Metro,Spain,ES022C,NA,NA,NA,Vigo
Vijayawada,NA,India,Vijayawada,India,IND003,NA,NA,NA,Vijayawada
Vilnius,NA,Lithuania,Vilnius - Metro,Lithuania,LT001C,Vilnius (LT),LTU_VNO,NA,Vilnius
Virginia Beach,vrbva,United States,NA,NA,NA,"Virginia Beach, VA (US)",USA_VAB,NA,Virginia Beach
Visakhapatnam,NA,India,Visakhapatnam,India,IND004,NA,NA,NA,Visakhapatnam
Vladivostok,NA,Russian Federation,Vladivostok,Russia,RU_21,NA,NA,NA,Vladivostok
Volgograd,NA,Russian Federation,Volgograd,Russia,RU_12,NA,NA,NA,Volgograd
Voronezh,NA,Russian Federation,Voronezh,Russia,RU_15,NA,NA,NA,Voronezh
Warangal,NA,India,Warangal,India,IND005,NA,NA,NA,Warangal
Warsaw,warsw,Poland,Warsaw - Metro,Poland,PL001C,Warsaw (PL),POL_WRS,NA,Warsaw
Washington,wshdc,United States,"Washington-Arlington-Alexandria, DC-VA-MD-WV",United States,USM25,Washington DC (US),USA_WAS,NA,Washington
"Weifang, Shandong",NA,China,"Weifang, Shandong",China,CHNF7,NA,NA,NA,"Weifang, Shandong"
"Weihai, Shandong",NA,China,"Weihai, Shandong",China,CHNFA,NA,NA,NA,"Weihai, Shandong"
"Weinan, Shaanxi",NA,China,"Weinan, Shaanxi",China,CHNQ5,NA,NA,NA,"Weinan, Shaanxi"
Wellington,NA,New Zealand,Wellington,New Zealand,NZL9,Wellington (NZ),NZL_WLG,NA,Wellington
"Wenzhou, Zhejiang",NA,China,"Wenzhou, Zhejiang",China,CHNB3,"Wenzhou, Zhejiang (CN)",CHN_WZP,NA,"Wenzhou, Zhejiang"
"Wichita, KS",NA,United States,"Wichita, KS",United States,USM107,NA,NA,NA,"Wichita, KS"
Wiesbaden,NA,Germany,Wiesbaden - Metro,Germany,DE020C,NA,NA,NA,Wiesbaden
Windhoek,NA,Namibia,Windhoek,Namibia,NAM001,NA,NA,NA,Windhoek
Winnipeg,NA,Canada,Winnipeg,Canada,CANC_1,Winnipeg (CA),CAN_WNP,NA,Winnipeg
"Winston-Salem, NC",NA,United States,"Winston-Salem, NC",United States,USM106,NA,NA,NA,"Winston-Salem, NC"
"Worcester, MA-CT",NA,United States,"Worcester, MA-CT",United States,USM80,NA,NA,NA,"Worcester, MA-CT"
Wroclaw,NA,Poland,Wroclaw - Metro,Poland,PL004C,NA,NA,NA,Wroclaw
"Wuhan, Hubei",NA,China,"Wuhan, Hubei",China,CHNH1,"Wuhan, Hubei (CN)",CHN_WUH,NA,"Wuhan, Hubei"
"Wuhu, Anhui",NA,China,"Wuhu, Anhui",China,CHNC2,NA,NA,NA,"Wuhu, Anhui"
"Wuxi, Jiangsu",NA,China,"Wuxi, Jiangsu",China,CHNA2,"Wuxi, Jiangsu (CN)",CHN_WUX,NA,"Wuxi, Jiangsu"
Xalapa,NA,Mexico,Xalapa,Mexico,MEXUC2,NA,NA,NA,Xalapa
"Xiamen, Fujian",NA,China,"Xiamen, Fujian",China,CHND2,"Xiamen, Fujian (CN)",CHN_XMP,NA,"Xiamen, Fujian"
"Xian, Shaanxi",NA,China,"Xian, Shaanxi",China,CHNQ1,NA,NA,NA,"Xian, Shaanxi"
"Xiangfan, Hubei",NA,China,"Xiangfan, Hubei",China,CHNH5,NA,NA,NA,"Xiangfan, Hubei"
"Xianyang, Shaanxi",NA,China,"Xianyang, Shaanxi",China,CHNQ4,"Xianyang, Shaanxi (CN)",CHN_XYA,NA,"Xianyang, Shaanxi"
"Xiaogan, Hubei",NA,China,"Xiaogan, Hubei",China,CHNH8,NA,NA,NA,"Xiaogan, Hubei"
"Xingtai, Hebei",NA,China,"Xingtai, Hebei",China,CHN35,NA,NA,NA,"Xingtai, Hebei"
"Xinxiang, Henan",NA,China,"Xinxiang, Henan",China,CHNG7,NA,NA,NA,"Xinxiang, Henan"
"Xinyang, Henan",NA,China,"Xinyang, Henan",China,CHNGF,NA,NA,NA,"Xinyang, Henan"
"Xuchang, Henan",NA,China,"Xuchang, Henan",China,CHNGA,NA,NA,NA,"Xuchang, Henan"
"Xuzhou, Jiangsu",NA,China,"Xuzhou, Jiangsu",China,CHNA3,NA,NA,NA,"Xuzhou, Jiangsu"
Yamoussoukro,NA,Cote d'Ivoire,Yamoussoukro,Côte d'Ivoire,CIV002,NA,NA,NA,Yamoussoukro
"Yancheng, Jiangsu",NA,China,"Yancheng, Jiangsu",China,CHNA9,NA,NA,NA,"Yancheng, Jiangsu"
Yangon,NA,Myanmar,Yangon,Myanmar,MMR003,Yangon (MM),MMR_RGN,NA,Yangon
"Yangzhou, Jiangsu",NA,China,"Yangzhou, Jiangsu",China,CHNAA,NA,NA,NA,"Yangzhou, Jiangsu"
"Yantai, Shandong",NA,China,"Yantai, Shandong",China,CHNF6,"Yantai, Shandong (CN)",CHN_YTP,NA,"Yantai, Shandong"
Yaoundé,NA,Cameroon,Yaoundé,Cameroon,CMR002,NA,NA,NA,Yaoundé
Yaroslavl,NA,Russian Federation,Yaroslavl,Russia,RU_22,NA,NA,NA,Yaroslavl
Yerevan,NA,Armenia,Yerevan,Armenia,ARM001,NA,NA,NA,Yerevan
"Yibin, Sichuan",NA,China,"Yibin, Sichuan",China,CHNND,NA,NA,NA,"Yibin, Sichuan"
"Yichang, Hubei",NA,China,"Yichang, Hubei",China,CHNH4,NA,NA,NA,"Yichang, Hubei"
"Yichun, Jiangxi",NA,China,"Yichun, Jiangxi",China,CHNE9,NA,NA,NA,"Yichun, Jiangxi"
Yogyakarta,NA,Indonesia,Yogyakarta,Indonesia,IDNFC,NA,NA,NA,Yogyakarta
"Yongzhou, Hunan",NA,China,"Yongzhou, Hunan",China,CHNIB,NA,NA,NA,"Yongzhou, Hunan"
"Yueyang, Hunan",NA,China,"Yueyang, Hunan",China,CHNI6,NA,NA,NA,"Yueyang, Hunan"
"Yulin, Shaanxi",NA,China,"Yulin, Shaanxi",China,CHNQ8,NA,NA,NA,"Yulin, Shaanxi"
"Yuncheng, Shanxi",NA,China,"Yuncheng, Shanxi",China,CHN48,NA,NA,NA,"Yuncheng, Shanxi"
Zagreb,NA,Croatia,Zagreb - Metro,Croatia,HR001C,Zagreb (HR),HRV_ZAG,NA,Zagreb
Zahedan,NA,Iran,Zahedan,Iran,IRN013,NA,NA,NA,Zahedan
Zamboanga City,NA,Philippines,Zamboanga City,Philippines,PHL12C,NA,NA,NA,Zamboanga City
"Zaozhuang, Shandong",NA,China,"Zaozhuang, Shandong",China,CHNF4,NA,NA,NA,"Zaozhuang, Shandong"
Zaporizhzhya,NA,Ukraine,Zaporizhzhya,Ukraine,UR_06,NA,NA,NA,Zaporizhzhya
Zaria,NA,Nigeria,Zaria,Nigeria,NGA016,NA,NA,NA,Zaria
"Zhangjiakou, Hebei",NA,China,"Zhangjiakou, Hebei",China,CHN37,NA,NA,NA,"Zhangjiakou, Hebei"
"Zhangzhou, Fujian",NA,China,"Zhangzhou, Fujian",China,CHND6,NA,NA,NA,"Zhangzhou, Fujian"
"Zhanjiang, Guangdong",NA,China,"Zhanjiang, Guangdong",China,CHNJ8,NA,NA,NA,"Zhanjiang, Guangdong"
"Zhaoqing, Guangdong",NA,China,"Zhaoqing, Guangdong",China,CHNJA,NA,NA,NA,"Zhaoqing, Guangdong"
"Zhaotong, Yunnan",NA,China,"Zhaotong, Yunnan",China,CHNP5,NA,NA,NA,"Zhaotong, Yunnan"
"Zhengzhou, Henan",NA,China,"Zhengzhou, Henan",China,CHNG1,"Zhengzhou, Henan (CN)",CHN_CGO,NA,"Zhengzhou, Henan"
"Zhenjiang, Jiangsu",NA,China,"Zhenjiang, Jiangsu",China,CHNAB,NA,NA,NA,"Zhenjiang, Jiangsu"
"Zhongshan, Guangdong",NA,China,"Zhongshan, Guangdong",China,CHNJI,NA,NA,NA,"Zhongshan, Guangdong"
"Zhoukou, Henan",NA,China,"Zhoukou, Henan",China,CHNGG,NA,NA,NA,"Zhoukou, Henan"
"Zhuhai, Guangdong",NA,China,"Zhuhai, Guangdong",China,CHNJ4,NA,NA,NA,"Zhuhai, Guangdong"
"Zhumadian, Henan",NA,China,"Zhumadian, Henan",China,CHNGH,NA,NA,NA,"Zhumadian, Henan"
"Zhuzhou, Hunan",NA,China,"Zhuzhou, Hunan",China,CHNI2,NA,NA,NA,"Zhuzhou, Hunan"
"Zibo, Shandong",NA,China,"Zibo, Shandong",China,CHNF3,NA,NA,NA,"Zibo, Shandong"
"Ziyang, Sichuan",NA,China,"Ziyang, Sichuan",China,CHNNI,NA,NA,NA,"Ziyang, Sichuan"
"Zunyi, Guizhou",NA,China,"Zunyi, Guizhou",China,CHNO3,NA,NA,NA,"Zunyi, Guizhou"
Zurich,zurch,Switzerland,Zurich - Metro,Switzerland,CH001C,Zurich (CH),CHE_ZRH,NA,Zurich
